"","1998","1999","2000","2001","2002","2003","2004","2005","2006","2007","2008","2009","2010","2011","2012","2013","2014","2015","2016","2017","2018","2019"
"CZP1",0,0,0,0,0,0,1,1,1,1,1,1,1,1,1,0,0,0,0,0,0,0
"CZP10",0,0,0,0,0,0,1,1,1,1,1,1,0,0,0,0,0,0,0,0,0,0
"CZP11",0,0,0,0,0,0,1,1,1,1,1,1,1,1,1,1,1,1,1,0,0,0
"CZP12",0,0,0,0,0,0,1,1,1,1,1,1,1,1,1,1,1,1,1,1,1,1
"CZP13",0,0,0,0,0,0,1,1,1,1,1,1,1,1,1,0,0,0,0,0,0,0
"CZP14",0,0,0,0,0,0,1,1,1,1,1,1,1,1,1,1,1,1,1,1,1,1
"CZP15",0,0,0,0,0,0,1,1,1,1,1,1,0,0,0,0,0,0,0,0,0,0
"CZP16",0,0,0,0,0,0,1,1,1,1,1,1,0,0,0,0,0,0,0,0,0,0
"CZP17",0,0,0,0,0,0,1,1,1,1,1,1,0,0,0,0,0,0,0,0,0,0
"CZP18",0,0,0,0,0,0,1,1,1,1,1,1,1,1,1,1,1,1,1,1,1,1
"CZP19",0,0,0,0,0,0,0,1,1,1,1,0,0,0,0,0,0,0,0,0,0,0
"CZP2",0,0,0,0,0,0,1,1,1,1,1,0,0,0,0,0,0,0,0,0,0,0
"CZP20",0,0,0,0,0,0,0,1,1,1,1,1,0,1,1,1,1,1,1,1,1,1
"CZP21",0,0,0,0,0,0,0,0,1,1,1,1,1,0,0,0,0,0,0,0,0,0
"CZP22",0,0,0,0,0,0,0,0,1,1,1,1,1,1,1,1,1,1,1,1,1,1
"CZP23",0,0,0,0,0,0,0,0,0,1,1,1,1,1,1,1,1,1,1,1,1,1
"CZP24",0,0,0,0,0,0,0,0,0,1,1,1,1,1,1,1,1,1,1,1,1,1
"CZP25",0,0,0,0,0,0,0,0,0,0,1,1,1,0,0,0,0,0,0,0,0,0
"CZP26",0,0,0,0,0,0,0,0,0,0,1,1,1,1,1,1,1,1,1,1,1,1
"CZP27",0,0,0,0,0,0,0,0,0,0,0,0,1,1,1,1,1,1,1,1,1,1
"CZP28",0,0,0,0,0,0,0,0,0,0,0,1,1,1,0,0,0,0,0,0,0,0
"CZP3",0,0,0,0,0,0,0,1,1,1,1,1,1,1,0,0,0,0,0,0,0,0
"CZP30",0,0,0,0,0,0,0,0,0,0,0,1,1,1,1,1,1,1,1,1,1,1
"CZP31",0,0,0,0,0,0,0,0,0,0,0,0,1,1,1,1,1,1,1,0,0,0
"CZP32",0,0,0,0,0,0,0,0,0,0,0,0,1,1,1,1,1,0,0,0,0,0
"CZP33",0,0,0,0,0,0,0,0,0,0,0,0,1,1,1,1,1,1,1,0,0,0
"CZP34",0,0,0,0,0,0,0,0,0,0,0,0,0,1,1,1,1,1,1,1,1,1
"CZP35",0,0,0,0,0,0,0,0,0,0,0,0,0,0,1,1,1,1,1,1,1,1
"CZP37",0,0,0,0,0,0,0,0,0,0,0,0,0,0,1,1,1,1,1,1,1,1
"CZP38",0,0,0,0,0,0,0,0,0,0,0,0,0,0,1,1,1,1,1,1,1,1
"CZP39",0,0,0,0,0,0,0,0,0,0,0,0,0,0,0,1,1,1,1,1,0,0
"CZP4",0,0,0,0,0,0,1,1,1,1,1,1,0,0,0,0,0,0,0,0,0,0
"CZP40",0,0,0,0,0,0,0,0,0,0,0,0,0,0,0,1,1,1,1,1,1,1
"CZP41",0,0,0,0,0,0,0,0,0,0,0,0,0,0,0,1,1,1,1,1,1,1
"CZP42",0,0,0,0,0,0,0,0,0,0,0,0,0,0,0,0,1,1,1,1,1,1
"CZP43",0,0,0,0,0,0,0,0,0,0,0,0,0,0,0,0,1,1,1,1,1,1
"CZP44",0,0,0,0,0,0,0,0,0,0,0,0,0,0,0,0,0,1,1,1,1,1
"CZP45",0,0,0,0,0,0,0,0,0,0,0,0,0,0,0,0,0,0,1,1,1,1
"CZP46",0,0,0,0,0,0,0,0,0,0,0,0,0,0,0,0,0,0,0,1,1,1
"CZP47",0,0,0,0,0,0,0,0,0,0,0,0,0,0,0,0,0,0,0,1,1,1
"CZP49",0,0,0,0,0,0,0,0,0,0,0,0,0,0,0,0,0,0,0,0,1,1
"CZP5",0,0,0,0,0,0,1,1,1,1,1,0,0,0,0,0,0,0,0,0,0,0
"CZP50",0,0,0,0,0,0,0,0,0,0,0,0,0,0,0,0,0,0,0,0,1,1
"CZP6",0,0,0,0,0,0,1,1,1,1,1,1,1,1,1,1,1,1,1,1,1,1
"CZP7",0,0,0,0,0,0,1,1,1,1,1,1,1,1,1,1,1,1,1,1,1,1
"CZP8",0,0,0,0,0,0,1,1,1,1,1,1,0,0,0,0,0,0,0,0,0,0
"CZP9",0,0,0,0,0,0,1,1,1,1,1,1,1,1,1,1,1,1,1,1,0,0
"DEH1020",0,0,0,0,0,0,1,1,1,1,1,1,0,0,0,0,0,0,0,0,0,0
"DEH1021",0,0,0,0,0,0,0,0,0,0,0,0,1,1,1,1,1,1,1,1,1,0
"DEH1022",0,0,0,0,0,0,0,0,0,0,0,0,0,0,0,0,0,0,0,0,0,1
"DEH1030",0,0,0,0,0,0,0,0,0,0,0,1,1,0,0,0,0,0,0,0,0,0
"DEH1040",0,0,0,0,0,0,0,0,0,0,0,0,0,0,1,0,1,1,1,0,0,0
"DEH2010",0,1,1,1,0,0,0,0,0,0,0,0,0,0,0,0,0,0,0,0,0,0
"DEH2011",0,0,0,0,1,1,1,1,0,1,0,0,0,0,0,0,0,0,0,0,0,0
"DEH2020",0,0,1,1,1,1,1,1,1,1,1,1,0,0,0,0,0,0,0,0,0,0
"DEH2021",0,0,0,0,0,0,0,0,0,0,0,0,1,1,1,1,1,1,1,1,1,1
"DEH2031",0,0,0,0,0,0,0,1,1,1,1,1,1,1,1,0,0,0,0,0,0,0
"DEH2032",0,0,0,0,0,0,0,0,0,0,0,0,0,0,0,1,1,1,1,1,1,1
"DEH2040",0,0,0,0,0,1,1,0,0,0,0,0,0,0,0,0,0,0,0,0,0,0
"DEH2050",0,0,0,0,0,0,1,1,1,0,0,0,0,0,0,0,0,0,0,0,0,0
"DEH2053",0,0,0,0,0,0,0,0,0,0,0,0,1,1,1,1,0,0,0,0,0,0
"DEH2054",0,0,0,0,0,0,0,0,0,0,0,0,0,0,0,0,0,1,1,1,1,1
"DEH2060",0,0,0,0,0,0,0,1,1,1,1,1,1,1,0,0,0,0,0,0,0,0
"DEH2061",0,0,0,0,0,0,0,0,0,0,0,0,0,0,1,1,1,1,1,1,1,1
"DEH2071",0,0,0,0,0,0,0,0,0,0,0,1,1,1,1,0,0,0,0,0,0,0
"DEH2072",0,0,0,0,0,0,0,0,0,0,0,0,0,0,0,1,1,1,1,1,1,0
"DEH2073",0,0,0,0,0,0,0,0,0,0,0,0,0,0,0,0,0,0,0,0,0,1
"DEH3010",0,1,1,1,1,1,0,0,0,0,0,0,0,0,0,0,0,0,0,0,0,0
"DEH3011",0,0,0,0,0,0,0,0,0,1,1,1,1,0,0,0,0,0,0,0,0,0
"DEH3012",0,0,0,0,0,0,0,0,0,0,0,0,0,0,0,0,1,1,1,1,1,1
"DEH3020",0,1,1,1,1,1,1,1,0,0,0,0,0,0,0,0,0,0,0,0,0,0
"DEH3021",0,0,0,0,0,0,0,0,1,1,1,0,1,1,1,0,0,0,0,0,0,0
"DEH3031",0,0,0,0,0,0,0,1,1,1,1,1,1,0,0,0,0,0,0,0,0,0
"DEH3032",0,0,0,0,0,0,0,0,0,0,0,0,0,1,1,0,1,1,1,0,0,0
"DEH3040",0,1,1,0,0,0,0,0,0,0,0,0,0,0,0,0,0,0,0,0,0,0
"DEH3041",0,0,0,0,0,0,0,0,0,0,0,1,1,1,1,1,1,0,0,0,0,0
"DEH3042",0,0,0,0,0,0,0,0,0,0,0,0,0,0,0,0,0,1,1,1,0,0
"DEH3050",0,0,0,1,1,0,0,0,0,0,0,0,0,0,0,0,0,0,0,0,0,0
"DEH3051",0,0,0,0,0,1,1,0,0,1,0,1,0,0,0,0,0,0,0,0,0,0
"DEH3052",0,0,0,0,0,0,0,0,0,0,0,0,0,1,1,1,1,1,1,0,0,0
"DEH3070",0,0,0,0,0,1,1,1,1,1,0,0,0,0,0,0,0,0,0,0,0,0
"DEH3080",0,0,0,0,0,1,1,1,1,1,1,0,0,0,0,0,0,0,0,0,0,0
"DEH3081",0,0,0,0,0,0,0,0,0,0,0,1,1,1,1,0,0,0,0,0,0,0
"DEH3082",0,0,0,0,0,0,0,0,0,0,0,0,0,0,0,1,1,1,1,0,0,0
"DEH3090",0,0,0,0,0,0,1,1,1,1,1,0,0,0,0,0,0,0,0,0,0,0
"DEH3100",0,0,0,0,0,0,1,1,1,0,0,0,0,0,0,0,0,0,0,0,0,0
"DEH3102",0,0,0,0,0,0,0,0,0,0,0,1,1,1,0,0,0,0,0,0,0,0
"DEH3103",0,0,0,0,0,0,0,0,0,0,0,0,0,0,1,1,1,1,1,1,1,1
"DEH3110",0,0,0,0,0,0,0,1,1,1,1,1,1,1,1,1,1,0,0,0,0,0
"DEH3111",0,0,0,0,0,0,0,0,0,0,0,0,0,0,0,0,0,1,1,1,1,1
"DEH3120",0,0,0,0,0,0,0,0,1,1,0,1,1,1,1,1,1,1,0,0,0,0
"DEH3130",0,0,0,0,0,0,0,0,0,1,1,1,0,1,0,0,0,0,0,0,0,0
"DEH3140",0,0,0,0,0,0,0,0,0,0,1,1,1,1,1,0,0,0,0,0,0,0
"DEH3160",0,0,0,0,0,0,0,0,0,0,0,0,0,0,0,0,0,0,0,1,1,1
"DEH4010",0,1,1,1,1,1,1,1,1,0,0,0,0,0,0,0,0,0,0,0,0,0
"DEH4011",0,0,0,0,0,0,0,0,0,0,1,1,1,1,1,1,1,1,1,0,0,0
"DEH4012",0,0,0,0,0,0,0,0,0,0,0,0,0,0,0,0,0,0,0,0,1,1
"DEH4020",0,1,1,1,1,1,1,1,1,1,1,0,0,0,0,0,0,0,0,0,0,0
"DEH4021",0,0,0,0,0,0,0,0,0,0,0,1,1,1,1,1,1,1,1,1,1,0
"DEH4022",0,0,0,0,0,0,0,0,0,0,0,0,0,0,0,0,0,0,0,0,0,1
"DEH4030",0,1,1,1,1,1,0,0,0,0,0,0,0,0,0,0,0,0,0,0,0,0
"DEH4031",0,0,0,0,0,0,1,1,1,1,1,1,0,0,0,0,0,0,0,0,0,0
"DEH4040",0,1,1,1,0,0,0,0,0,0,0,0,0,0,0,0,0,0,0,0,0,0
"DEH4041",0,0,0,0,1,1,1,1,1,1,1,1,1,0,0,0,0,0,0,0,0,0
"DEH4042",0,0,0,0,0,0,0,0,0,0,0,0,0,1,1,1,1,1,1,1,0,1
"DEH4050",0,1,1,1,1,0,0,0,0,0,0,0,0,0,0,0,0,0,0,0,0,0
"DEH4051",0,0,0,0,0,1,1,1,1,1,1,0,0,0,0,0,0,0,0,0,0,0
"DEH4052",0,0,0,0,0,0,0,0,0,0,0,1,1,1,1,0,0,0,0,0,0,0
"DEH4053",0,0,0,0,0,0,0,0,0,0,0,0,0,0,0,1,1,1,1,1,1,0
"DEH4054",0,0,0,0,0,0,0,0,0,0,0,0,0,0,0,0,0,0,0,1,1,1
"DEH4060",0,1,0,0,1,1,1,1,0,0,0,0,0,0,0,0,0,0,0,0,0,0
"DEH4070",0,1,1,1,1,1,1,1,1,0,0,0,0,0,0,0,0,0,0,0,0,0
"DEH4081",0,0,0,1,1,1,1,1,1,1,1,1,1,0,0,0,0,0,0,0,0,0
"DEH4082",0,0,0,0,0,0,0,0,0,0,0,0,0,1,1,1,1,1,1,1,1,1
"DEH4100",0,0,0,0,1,1,1,1,1,1,1,0,0,0,0,0,0,0,0,0,0,0
"DEH4101",0,0,0,0,0,0,0,0,0,0,0,1,1,1,1,1,1,0,0,0,0,0
"DEH4102",0,0,0,0,0,0,0,0,0,0,0,0,0,0,0,0,0,1,1,1,1,1
"DEH4110",0,0,0,0,0,0,0,1,1,1,1,1,1,1,1,1,1,0,0,0,0,0
"DEH4112",0,0,0,0,0,0,0,0,0,0,0,0,0,0,0,0,0,0,1,1,0,0
"DEH4113",0,0,0,0,0,0,0,0,0,0,0,0,0,0,0,0,0,0,0,0,0,1
"DEH4121",0,0,0,0,0,0,0,0,0,0,0,0,0,1,1,1,1,1,1,0,0,0
"DEH4130",0,0,0,0,0,0,0,0,0,0,0,1,1,0,0,0,0,0,0,0,0,0
"DEH4131",0,0,0,0,0,0,0,0,0,0,0,0,0,1,1,1,0,0,0,0,0,0
"DEH4140",0,0,0,0,0,0,0,0,0,0,0,0,1,1,1,1,1,1,0,0,0,0
"DEH4160",0,0,0,0,0,0,0,0,0,0,0,0,0,0,0,0,1,1,1,1,1,0
"DEH4161",0,0,0,0,0,0,0,0,0,0,0,0,0,0,0,0,0,0,0,0,0,1
"DEH4170",0,0,0,0,0,0,0,0,0,0,0,0,0,0,0,0,0,0,0,0,1,1
"DEH5010",0,1,1,1,1,1,1,1,0,0,0,0,0,0,0,0,0,0,0,0,0,0
"DEH5011",0,0,0,0,0,0,0,0,0,1,1,1,1,1,1,1,1,1,1,0,0,0
"DEH5012",0,0,0,0,0,0,0,0,0,0,0,0,0,0,0,0,0,0,0,1,1,1
"DEH5020",0,1,1,1,1,1,1,1,1,1,1,0,0,0,0,0,0,0,0,0,0,0
"DEH5021",0,0,0,0,0,0,0,0,0,0,0,1,1,1,1,1,1,1,1,1,1,0
"DEH5022",0,0,0,0,0,0,0,0,0,0,0,0,0,0,0,0,0,0,0,0,0,1
"DEH5030",0,0,0,1,1,1,1,0,0,0,0,0,0,0,0,0,0,0,0,0,0,0
"DEH5040",0,0,0,0,1,1,1,1,1,1,1,1,0,0,0,0,0,0,0,0,0,0
"DEH5041",0,0,0,0,0,0,0,0,0,0,0,0,1,1,1,1,1,1,1,0,0,0
"DEH5050",0,0,0,0,1,1,1,1,1,1,1,1,1,0,0,0,0,0,0,0,0,0
"DEH5051",0,0,0,0,0,0,0,0,0,0,0,0,0,1,1,1,1,1,1,1,1,0
"DEH5052",0,0,0,0,0,0,0,0,0,0,0,0,0,0,0,0,0,0,0,0,0,1
"DEH5060",0,0,0,0,0,0,1,0,1,0,0,0,0,0,0,0,0,0,0,0,0,0
"DEH5080",0,0,0,0,0,0,0,0,0,0,1,1,1,1,1,1,0,0,0,0,0,0
"DEH5090",0,0,0,0,0,0,0,0,0,0,0,0,1,1,1,0,0,0,0,0,0,0
"DEH5100",0,0,0,0,0,0,0,0,0,0,0,0,1,1,1,1,1,0,0,0,0,0
"DEH5110",0,0,0,0,0,0,0,0,0,0,0,0,0,0,0,0,0,0,0,0,0,1
"DER11010",0,0,1,1,1,1,1,0,0,0,0,0,0,0,0,0,0,0,0,0,0,0
"DER11011",0,0,0,0,0,0,0,1,1,1,0,0,0,0,0,0,0,0,0,0,0,0
"DER11020",0,0,0,0,0,0,0,1,1,1,1,1,1,0,0,0,0,0,0,0,0,0
"DER11021",0,0,0,0,0,0,0,0,0,0,0,0,0,1,1,0,0,0,0,0,0,0
"DER11022",0,0,0,0,0,0,0,0,0,0,0,0,0,0,0,1,1,1,1,1,1,1
"DER11030",0,0,0,0,0,0,0,0,0,1,1,1,1,1,0,1,0,0,0,0,0,0
"DER11040",0,0,0,0,0,0,0,0,1,1,0,0,0,0,0,0,0,0,0,0,0,0
"DER12020",0,0,0,0,0,0,0,0,1,1,1,1,1,0,0,0,1,1,0,0,0,0
"DER12021",0,0,0,0,0,0,0,0,0,0,0,0,0,0,0,0,0,0,0,1,1,1
"DER12030",0,0,0,0,0,0,0,0,0,0,0,0,0,0,0,0,1,1,1,1,1,1
"DER12040",0,0,0,0,0,0,0,0,0,0,0,0,0,0,0,0,0,1,1,1,1,1
"DER12050",0,0,0,0,0,0,0,0,0,0,0,0,0,0,0,0,0,0,0,0,0,1
"DER13010",0,0,0,0,0,0,1,1,1,1,1,1,0,1,0,0,0,0,0,0,0,0
"DER13011",0,0,0,0,0,0,0,0,0,0,0,0,0,0,1,1,1,1,1,1,1,1
"DER13030",0,0,0,0,0,0,0,0,0,1,1,1,1,1,0,0,0,0,0,0,0,0
"DER13031",0,0,0,0,0,0,0,0,0,0,0,0,0,1,0,1,0,0,0,0,0,0
"DER13040",0,0,0,0,0,0,0,0,0,0,0,0,0,0,1,0,1,1,0,0,0,0
"DER13050",0,0,0,0,0,0,0,0,0,0,0,0,0,0,0,0,0,0,0,1,1,1
"DEW6011",0,0,0,0,0,0,0,0,0,0,0,0,0,0,0,0,1,1,1,0,1,0
"DEW6012",0,0,0,0,0,0,0,0,0,0,0,0,0,0,0,0,0,0,0,0,0,1
"DEW6040",0,0,0,0,0,0,0,0,0,0,0,0,0,0,0,0,0,0,1,1,0,0
"DEW7011",0,0,0,0,0,0,0,0,0,0,0,0,0,0,0,0,0,0,1,0,1,1
"DEW7051",0,0,0,0,0,0,0,1,0,0,0,0,1,1,1,1,1,0,0,0,0,0
"DEW7052",0,0,0,0,0,0,0,0,0,0,0,0,0,0,0,0,0,1,1,1,1,1
"DEW7061",0,0,0,0,0,0,0,0,0,1,1,1,1,1,1,1,1,0,0,0,0,0
"DEW7062",0,0,0,0,0,0,0,0,0,0,0,0,0,0,0,0,0,1,1,0,0,0
"DEW7070",0,0,0,0,0,0,0,0,1,1,1,1,1,1,1,1,0,0,0,0,0,0
"DEW7071",0,0,0,0,0,0,0,0,0,0,0,0,0,0,0,0,1,1,1,1,1,1
"DEW7080",0,0,0,0,0,0,0,0,0,0,1,1,1,1,1,0,1,1,0,0,0,0
"DEW7091",0,0,0,0,0,0,0,0,0,0,1,1,0,0,0,0,0,0,0,0,0,0
"DEW7093",0,0,0,0,0,0,0,0,0,0,0,0,0,1,1,1,1,1,1,1,0,0
"DEW7100",0,0,0,0,0,0,1,0,0,0,1,0,0,0,0,0,0,0,0,0,0,0
"DEW7101",0,0,0,0,0,0,0,0,0,0,0,0,0,1,1,1,1,1,1,0,1,1
"DEW7110",0,0,0,0,0,0,0,0,0,0,0,0,0,0,0,0,0,0,1,1,0,0
"DEW7120",0,0,0,0,0,0,0,0,0,0,0,0,0,0,0,0,0,0,0,0,0,1
"DEW8011",0,0,0,0,0,0,0,0,0,1,1,1,0,0,0,1,0,1,1,0,0,0
"DEW8012",0,0,0,0,0,0,0,0,0,0,0,0,0,0,0,0,0,0,0,1,1,1
"DEW8020",0,0,0,0,0,0,0,0,1,0,0,1,1,1,0,0,0,0,0,0,0,0
"DEW8030",0,0,0,0,0,0,0,0,0,0,0,0,0,0,0,1,0,1,0,0,0,0
"DEW8040",0,0,0,0,0,0,0,0,0,0,0,0,0,0,0,1,1,1,1,1,1,0
"DEW8050",0,0,0,0,0,0,0,0,0,0,0,0,0,0,0,0,0,0,0,1,1,1
"DEW8060",0,0,0,0,0,0,0,0,0,0,0,0,0,0,0,0,0,0,0,1,1,1
"DEW9010",0,0,0,1,1,0,0,0,0,0,0,0,0,0,0,0,0,0,0,0,0,0
"DEW9014",0,0,0,0,0,0,0,0,1,1,1,0,0,0,0,0,0,0,0,0,0,0
"DEW9016",0,0,0,0,0,0,0,0,0,0,0,0,1,1,1,1,1,1,1,1,1,1
"DEW9020",0,0,0,0,1,1,1,1,1,1,1,0,0,0,0,0,0,0,0,0,0,0
"DEW9021",0,0,0,0,0,0,0,0,0,0,0,1,1,1,1,0,1,1,0,0,0,0
"DEW9030",0,0,0,0,1,1,1,1,1,1,1,0,0,0,0,0,0,0,0,0,0,0
"DEW9031",0,0,0,0,0,0,0,0,0,0,0,1,1,1,1,1,1,0,0,0,0,0
"DEW9060",0,0,0,0,0,0,0,0,0,1,1,1,0,0,0,0,0,0,0,0,0,0
"DEW9061",0,0,0,0,0,0,0,0,0,0,0,0,1,1,1,0,0,0,0,0,0,0
"DEW9070",0,0,0,0,0,0,0,0,0,1,1,0,0,0,0,0,0,0,0,0,0,0
"DEW9071",0,0,0,0,0,0,0,0,0,0,0,1,1,1,1,1,0,0,0,0,0,0
"DEW9090",0,0,0,0,0,0,0,0,0,0,0,0,0,0,0,1,1,1,0,0,0,1
"DEW9101",0,0,0,0,0,0,0,0,0,0,0,0,0,0,0,0,0,0,0,0,1,1
"DKC600632",0,0,0,0,0,0,0,0,0,0,0,0,0,0,0,0,0,0,0,0,0,1
"DKC600711",0,0,0,0,0,0,0,0,0,0,0,0,0,0,0,0,0,0,0,0,0,1
"DKC99281",0,0,0,0,0,0,0,0,1,1,1,1,1,1,1,1,1,0,0,0,0,0
"DKC99282",0,0,0,0,0,0,0,0,0,0,0,1,1,1,1,1,1,1,0,0,0,0
"DKC99283",0,0,0,0,0,0,0,0,1,1,1,1,1,1,1,1,1,1,1,1,1,1
"DKC99284",0,0,0,0,0,0,0,0,1,1,1,1,1,1,1,1,1,1,1,1,1,1
"DKC99285",0,0,0,0,0,0,0,0,0,0,1,1,1,1,1,1,0,0,0,0,0,0
"DKC99286",0,0,0,0,0,0,0,0,0,0,0,0,0,1,1,0,0,0,0,0,0,0
"DKC99287",0,0,0,0,0,0,0,0,0,0,0,0,0,0,1,1,1,1,0,0,0,0
"DKC99288",0,0,0,0,0,0,1,1,1,1,1,1,0,0,0,0,0,0,0,0,0,0
"DKC99299",0,0,0,0,0,0,0,0,0,0,0,0,0,0,0,0,1,1,1,1,1,1
"DKC99358",0,0,0,0,0,0,0,0,0,0,0,0,0,0,0,0,0,0,0,0,0,1
"DKC99493",0,0,0,0,0,0,0,0,0,0,0,0,0,0,0,0,0,0,1,1,1,1
"DKC99655",0,0,0,0,0,0,0,0,0,0,0,0,0,0,0,0,0,0,0,0,1,1
"DKC99671",0,0,0,0,0,0,0,0,0,0,0,0,0,0,0,0,0,0,0,0,1,1
"ESAOAA001",0,0,0,0,0,0,0,0,0,0,0,0,1,1,1,1,1,1,1,1,1,1
"ESAOAA002",0,0,0,0,0,0,0,0,0,0,0,0,1,1,1,1,1,1,1,1,1,1
"ESAOAA003",0,0,0,0,0,0,0,0,0,0,0,0,1,1,1,1,1,1,1,1,1,1
"ESAOAA004",0,0,0,0,0,0,0,0,0,0,0,0,1,1,1,1,1,1,1,1,1,1
"ESAOAA005",0,0,0,0,0,0,0,0,0,0,0,0,0,1,1,1,1,1,1,1,1,1
"ESAOAA006",0,0,0,0,0,0,0,0,0,0,0,0,0,1,1,1,1,1,1,1,1,1
"ESAOAA007",0,0,0,0,0,0,0,0,0,0,0,0,0,0,0,1,1,1,1,1,1,1
"ESAOAA008",0,0,0,0,0,0,0,0,0,0,0,0,0,0,1,1,1,1,1,1,1,1
"ESAOAA009",0,0,0,0,0,0,0,0,0,0,0,0,0,0,1,1,1,1,1,0,1,0
"ESAOAA010",0,0,0,0,0,0,0,0,0,0,0,0,0,0,0,1,1,1,1,1,1,0
"ESAOAA011",0,0,0,0,0,0,0,0,0,0,0,0,0,0,0,1,1,1,1,1,1,1
"ESAOAA012",0,0,0,0,0,0,0,0,0,0,0,0,0,0,0,0,1,1,1,1,1,1
"ESAOAA013",0,0,0,0,0,0,0,0,0,0,0,0,0,0,0,0,0,1,1,0,0,0
"ESAOAA014",0,0,0,0,0,0,0,0,0,0,0,0,0,0,0,0,0,1,1,1,1,1
"ESAOAA015",0,0,0,0,0,0,0,0,0,0,0,0,0,0,0,0,0,0,0,1,1,1
"ESAOAA016",0,0,0,0,0,0,0,0,0,0,0,0,0,0,0,0,0,0,0,1,1,1
"ESAOAA017",0,0,0,0,0,0,0,0,0,0,0,0,0,0,0,0,0,0,0,1,1,1
"ESAOAA018",0,0,0,0,0,0,0,0,0,0,0,0,0,0,0,0,0,0,0,1,1,1
"ESAOAA019",0,0,0,0,0,0,0,0,0,0,0,0,0,0,0,0,0,0,0,0,1,1
"ESAOAA020",0,0,0,0,0,0,0,0,0,0,0,0,0,0,0,0,0,0,0,0,1,1
"ESAOAA021",0,0,0,0,0,0,0,0,0,0,0,0,0,0,0,0,0,0,0,0,1,1
"ESAOAA022",0,0,0,0,0,0,0,0,0,0,0,0,0,0,0,0,0,0,0,0,0,1
"ESAOAA023",0,0,0,0,0,0,0,0,0,0,0,0,0,0,0,0,0,0,0,0,0,1
"ESAOAA024",0,0,0,0,0,0,0,0,0,0,0,0,0,0,0,0,0,0,0,0,0,1
"ESBS001",1,1,1,1,0,0,0,0,0,0,0,0,0,0,0,0,0,0,0,0,0,0
"ESBS002",1,1,1,1,1,1,1,1,1,1,1,1,1,1,0,0,0,0,0,0,0,0
"ESBS003",1,1,1,1,1,1,1,1,1,1,1,1,1,1,0,0,0,0,0,0,0,0
"ESBS004",1,1,1,1,1,1,1,1,0,0,0,0,0,0,0,0,0,0,0,0,0,0
"ESBS005",1,1,1,1,1,1,1,1,1,1,1,1,1,1,0,0,0,0,0,0,0,0
"ESBS006",0,1,1,1,1,1,1,1,1,1,1,1,0,0,0,0,0,0,0,0,0,0
"ESBS007",0,1,1,1,1,1,1,1,1,1,1,1,1,1,0,0,0,0,0,0,0,0
"ESBS008",0,1,1,1,1,1,1,1,1,1,1,1,1,1,0,0,0,0,0,0,0,0
"ESBS009",0,1,1,1,1,1,1,1,1,1,1,1,1,1,0,0,0,0,0,0,0,0
"ESBS010",0,1,0,0,0,0,0,0,0,0,0,0,0,0,0,0,0,0,0,0,0,0
"ESBS011",0,1,1,1,1,1,1,1,1,1,1,1,1,1,0,0,0,0,0,0,0,0
"ESBS012",0,1,1,1,1,1,1,1,1,1,1,1,0,0,0,0,0,0,0,0,0,0
"ESBS013",0,0,1,1,1,1,1,1,1,1,1,1,1,1,0,0,0,0,0,0,0,0
"ESBS014",0,0,1,1,1,1,1,1,1,1,1,1,1,1,0,0,0,0,0,0,0,0
"ESBS015",0,0,1,0,0,0,0,0,0,0,0,0,0,0,0,0,0,0,0,0,0,0
"ESBS016",0,0,1,1,1,1,1,1,1,1,1,1,1,1,0,0,0,0,0,0,0,0
"ESBS017",0,0,1,0,0,0,0,0,0,0,0,0,0,0,0,0,0,0,0,0,0,0
"ESBS018",0,0,1,1,1,0,0,0,0,0,0,0,0,0,0,0,0,0,0,0,0,0
"ESBS019",0,0,1,1,1,1,0,0,0,0,0,0,0,0,0,0,0,0,0,0,0,0
"ESBS020",0,0,1,1,1,1,1,1,1,1,1,1,1,1,0,0,0,0,0,0,0,0
"ESBS021",0,0,1,1,1,0,0,0,0,0,0,0,0,0,0,0,0,0,0,0,0,0
"ESBS022",0,0,1,1,1,1,1,1,1,1,1,1,1,1,0,0,0,0,0,0,0,0
"ESBS023",0,0,1,1,0,0,0,0,0,0,0,0,0,0,0,0,0,0,0,0,0,0
"ESBS024",0,0,1,1,1,1,1,1,1,1,1,1,1,1,0,0,0,0,0,0,0,0
"ESBS025",0,0,1,1,1,1,1,1,1,1,1,1,1,1,0,0,0,0,0,0,0,0
"ESBS026",0,1,1,1,1,1,1,1,1,1,1,1,1,1,0,0,0,0,0,0,0,0
"ESBS027",0,0,0,1,1,1,1,1,1,1,1,1,0,0,0,0,0,0,0,0,0,0
"ESBS028",0,0,1,0,0,0,0,0,0,0,0,0,0,0,0,0,0,0,0,0,0,0
"ESBS029",0,0,1,0,0,0,0,0,0,0,0,0,0,0,0,0,0,0,0,0,0,0
"ESBS030",0,0,0,1,1,0,0,0,0,0,0,0,0,0,0,0,0,0,0,0,0,0
"ESBS031",0,0,0,1,1,1,1,1,1,1,1,1,1,1,0,0,0,0,0,0,0,0
"ESBS032",0,0,0,1,1,1,1,1,0,0,1,0,0,0,0,0,0,0,0,0,0,0
"ESBS033",0,0,0,1,1,1,1,0,1,0,0,0,0,0,0,0,0,0,0,0,0,0
"ESBS034",0,0,0,1,1,1,1,0,1,1,1,0,0,0,0,0,0,0,0,0,0,0
"ESBS035",0,0,0,1,0,0,0,0,0,0,0,0,0,0,0,0,0,0,0,0,0,0
"ESBS036",0,0,0,1,1,1,1,1,1,1,1,0,0,0,0,0,0,0,0,0,0,0
"ESBS037",0,0,0,1,1,0,0,0,0,0,1,1,1,1,0,0,0,0,0,0,0,0
"ESBS038",0,0,0,1,1,1,1,1,1,1,1,1,1,1,0,0,0,0,0,0,0,0
"ESBS039",0,0,0,0,1,1,0,0,1,1,1,0,0,0,0,0,0,0,0,0,0,0
"ESBS040",0,0,0,1,1,1,1,1,1,1,1,1,1,1,0,0,0,0,0,0,0,0
"ESBS041",0,0,0,0,1,1,1,1,1,1,1,1,1,1,0,0,0,0,0,0,0,0
"ESBS042",0,0,0,0,1,1,1,1,1,1,1,1,1,1,0,0,0,0,0,0,0,0
"ESBS043",0,0,0,0,1,1,1,1,1,1,1,1,0,0,0,0,0,0,0,0,0,0
"ESBS044",0,0,0,0,1,1,1,0,0,1,0,0,0,0,0,0,0,0,0,0,0,0
"ESBS045",0,0,0,0,1,1,1,1,1,1,1,1,1,1,0,0,0,0,0,0,0,0
"ESBS046",0,0,0,0,1,1,0,0,0,0,0,0,0,0,0,0,0,0,0,0,0,0
"ESBS047",0,0,0,0,0,1,1,1,0,0,0,0,0,0,0,0,0,0,0,0,0,0
"ESBS048",0,0,0,0,0,1,1,1,1,1,1,1,0,1,0,0,0,0,0,0,0,0
"ESBS049",0,0,0,0,0,1,1,1,0,0,0,0,0,0,0,0,0,0,0,0,0,0
"ESBS050",0,0,0,0,0,0,1,1,1,1,1,0,0,0,0,0,0,0,0,0,0,0
"ESBS051",0,0,0,0,0,0,1,1,1,1,1,1,0,0,0,0,0,0,0,0,0,0
"ESBS052",0,0,0,0,0,0,1,1,1,1,1,1,1,1,0,0,0,0,0,0,0,0
"ESBS053",0,0,0,0,0,0,0,1,1,1,1,1,1,1,0,0,0,0,0,0,0,0
"ESBS054",0,0,0,0,0,0,0,1,1,1,1,1,0,0,0,0,0,0,0,0,0,0
"ESBS055",0,0,0,0,0,0,0,0,1,1,1,1,1,1,0,0,0,0,0,0,0,0
"ESBS056",0,0,0,0,0,0,0,0,1,1,1,1,1,1,0,0,0,0,0,0,0,0
"ESBS057",0,0,0,0,0,0,0,0,1,1,1,1,1,1,0,0,0,0,0,0,0,0
"ESBS058",0,0,0,0,0,0,0,0,1,1,1,1,1,0,0,0,0,0,0,0,0,0
"ESBS059",0,0,0,0,0,0,0,0,1,1,1,1,0,0,0,0,0,0,0,0,0,0
"ESBS060",0,0,0,0,0,0,0,0,1,1,0,0,0,0,0,0,0,0,0,0,0,0
"ESBS061",0,0,0,0,0,0,1,1,1,1,1,0,1,1,0,0,0,0,0,0,0,0
"ESBS062",0,0,0,0,0,0,0,0,0,1,1,0,0,0,0,0,0,0,0,0,0,0
"ESBS063",0,0,0,0,0,0,0,0,0,0,1,0,0,0,0,0,0,0,0,0,0,0
"ESBS064",0,0,0,0,0,0,0,0,0,0,1,1,0,0,0,0,0,0,0,0,0,0
"ESBS065",0,0,0,0,0,0,0,0,0,0,1,1,1,0,0,0,0,0,0,0,0,0
"ESBS066",0,0,0,0,0,0,0,0,0,0,0,0,1,1,0,0,0,0,0,0,0,0
"ESBS067",0,0,0,0,0,0,0,0,0,0,0,0,0,1,0,0,0,0,0,0,0,0
"ESBS068",0,0,0,0,0,0,0,0,0,0,0,0,1,1,0,0,0,0,0,0,0,0
"ESBS069",0,0,0,0,0,0,0,0,0,0,0,1,1,1,0,0,0,0,0,0,0,0
"ESBS070",0,0,0,0,0,0,0,0,0,0,0,0,0,1,0,0,0,0,0,0,0,0
"ESBT002",0,0,0,0,0,0,0,0,0,0,0,0,0,0,1,1,1,1,1,1,1,1
"ESBT003",0,0,0,0,0,0,0,0,0,0,0,0,0,0,1,1,1,1,1,1,1,1
"ESBT004",0,0,0,0,0,0,0,0,0,0,0,0,0,0,0,1,1,1,1,1,1,1
"ESBT005",0,0,0,0,0,0,0,0,0,0,0,0,0,0,1,1,1,1,1,1,1,1
"ESBT007",0,0,0,0,0,0,0,0,0,0,0,0,0,0,1,1,1,1,1,1,1,1
"ESBT008",0,0,0,0,0,0,0,0,0,0,0,0,0,0,1,1,1,1,1,1,1,1
"ESBT009",0,0,0,0,0,0,0,0,0,0,0,0,0,0,1,1,1,1,1,1,1,1
"ESBT011",0,0,0,0,0,0,0,0,0,0,0,0,0,0,1,1,1,1,1,1,1,1
"ESBT013",0,0,0,0,0,0,0,0,0,0,0,0,0,0,1,1,1,1,1,1,1,1
"ESBT014",0,0,0,0,0,0,0,0,0,0,0,0,0,0,1,1,1,1,1,1,1,1
"ESBT016",0,0,0,0,0,0,0,0,0,0,0,0,0,0,1,1,1,1,1,1,1,1
"ESBT020",0,0,0,0,0,0,0,0,0,0,0,0,0,0,1,1,1,1,1,1,1,1
"ESBT022",0,0,0,0,0,0,0,0,0,0,0,0,0,0,1,1,1,1,1,1,1,1
"ESBT024",0,0,0,0,0,0,0,0,0,0,0,0,0,0,1,1,1,1,1,1,1,1
"ESBT025",0,0,0,0,0,0,0,0,0,0,0,0,0,0,1,1,1,1,1,1,1,1
"ESBT026",0,0,0,0,0,0,0,0,0,0,0,0,0,0,1,1,1,1,1,1,1,1
"ESBT031",0,0,0,0,0,0,0,0,0,0,0,0,0,0,1,0,1,0,0,0,0,0
"ESBT033",0,0,0,0,0,0,0,0,0,0,0,0,0,0,0,0,0,0,0,1,1,0
"ESBT037",0,0,0,0,0,0,0,0,0,0,0,0,0,0,1,1,1,1,1,1,1,1
"ESBT038",0,0,0,0,0,0,0,0,0,0,0,0,0,0,1,1,1,1,1,1,1,1
"ESBT040",0,0,0,0,0,0,0,0,0,0,0,0,0,0,1,1,1,1,1,1,1,1
"ESBT041",0,0,0,0,0,0,0,0,0,0,0,0,0,0,1,1,1,1,1,1,0,0
"ESBT042",0,0,0,0,0,0,0,0,0,0,0,0,0,0,1,1,1,1,0,0,0,0
"ESBT045",0,0,0,0,0,0,0,0,0,0,0,0,0,0,1,1,1,1,1,1,1,1
"ESBT048",0,0,0,0,0,0,0,0,0,0,0,0,0,0,1,1,1,1,1,1,1,1
"ESBT052",0,0,0,0,0,0,0,0,0,0,0,0,0,0,1,1,1,1,1,1,1,1
"ESBT053",0,0,0,0,0,0,0,0,0,0,0,0,0,0,1,1,1,1,1,1,1,1
"ESBT055",0,0,0,0,0,0,0,0,0,0,0,0,0,0,1,1,1,1,1,1,1,1
"ESBT056",0,0,0,0,0,0,0,0,0,0,0,0,0,0,1,1,1,1,1,1,1,1
"ESBT057",0,0,0,0,0,0,0,0,0,0,0,0,0,0,1,1,1,1,1,1,0,0
"ESBT058",0,0,0,0,0,0,0,0,0,0,0,0,0,0,1,0,0,0,1,1,1,1
"ESBT059",0,0,0,0,0,0,0,0,0,0,0,0,0,0,0,0,0,1,1,0,0,0
"ESBT061",0,0,0,0,0,0,0,0,0,0,0,0,0,0,1,1,1,1,1,1,1,1
"ESBT066",0,0,0,0,0,0,0,0,0,0,0,0,0,0,1,1,1,1,1,1,1,1
"ESBT067",0,0,0,0,0,0,0,0,0,0,0,0,0,0,1,1,1,1,1,1,1,1
"ESBT069",0,0,0,0,0,0,0,0,0,0,0,0,0,0,1,1,1,1,1,1,1,1
"ESBT070",0,0,0,0,0,0,0,0,0,0,0,0,0,0,1,1,1,1,1,1,1,1
"ESBT071",0,0,0,0,0,0,0,0,0,0,0,0,0,0,1,0,0,0,1,1,0,1
"ESBT072",0,0,0,0,0,0,0,0,0,0,0,0,0,0,1,1,1,1,1,1,1,0
"ESBT073",0,0,0,0,0,0,0,0,0,0,0,0,0,0,1,1,1,1,1,0,0,0
"ESBT074",0,0,0,0,0,0,0,0,0,0,0,0,0,0,1,0,0,0,0,0,0,0
"ESBT075",0,0,0,0,0,0,0,0,0,0,0,0,0,0,1,1,1,1,1,1,1,1
"ESBT076",0,0,0,0,0,0,0,0,0,0,0,0,0,0,0,1,1,1,1,1,1,1
"ESBT077",0,0,0,0,0,0,0,0,0,0,0,0,0,0,0,1,1,1,1,1,1,1
"ESBT078",0,0,0,0,0,0,0,0,0,0,0,0,0,0,0,0,1,1,1,0,0,0
"ESBT079",0,0,0,0,0,0,0,0,0,0,0,0,0,0,0,0,0,1,1,1,1,0
"ESBT080",0,0,0,0,0,0,0,0,0,0,0,0,0,0,0,0,0,0,1,0,0,0
"ESBT081",0,0,0,0,0,0,0,0,0,0,0,0,0,0,0,0,0,0,1,0,0,0
"ESBT082",0,0,0,0,0,0,0,0,0,0,0,0,0,0,0,0,0,0,0,1,1,1
"ESBT083",0,0,0,0,0,0,0,0,0,0,0,0,0,0,0,0,0,0,0,1,1,1
"ESBT084",0,0,0,0,0,0,0,0,0,0,0,0,0,0,0,0,0,0,0,1,1,1
"ESBT085",0,0,0,0,0,0,0,0,0,0,0,0,0,0,0,0,0,0,0,0,1,1
"ESBT086",0,0,0,0,0,0,0,0,0,0,0,0,0,0,0,0,0,0,0,0,1,1
"ESBT087",0,0,0,0,0,0,0,0,0,0,0,0,0,0,0,0,0,0,0,0,0,1
"ESIP0001",0,1,1,1,1,1,1,1,1,1,1,1,1,1,1,1,1,1,1,1,1,1
"ESIP0002",0,1,0,0,0,0,0,0,0,0,0,0,0,0,0,0,0,0,0,0,0,0
"ESIP0101",0,1,1,0,0,0,0,0,0,0,0,0,0,0,0,0,0,0,0,0,0,0
"ESIP0103",0,0,0,0,0,0,0,1,1,1,0,1,1,1,1,1,1,1,1,0,0,1
"ESIP0104",0,0,0,0,0,0,0,0,1,1,1,0,0,0,0,0,0,0,0,0,0,0
"ESIP0105",0,0,0,0,0,0,0,0,0,1,1,1,1,1,1,1,1,0,1,1,1,1
"ESIP0501",0,0,0,0,1,1,0,0,0,0,0,0,0,0,0,0,0,0,0,0,0,0
"ESIP0502",0,0,0,0,0,0,1,1,1,1,1,1,0,0,0,0,0,0,0,0,0,0
"ESIP0602",0,0,1,0,0,0,0,0,0,0,0,0,0,0,0,0,0,0,0,0,0,0
"ESIP0603",0,0,0,0,0,0,0,0,0,0,0,1,1,1,0,0,0,0,0,0,0,0
"ESIP0801",0,0,0,0,0,1,1,1,0,0,0,0,0,0,0,0,0,0,0,0,0,0
"ESIP0803",0,0,0,0,0,0,0,0,0,0,0,0,0,0,0,0,1,1,1,0,0,0
"ESIP1201",0,1,1,1,1,1,1,1,0,0,0,0,0,0,0,0,0,0,0,0,0,0
"ESIP1403",0,1,0,0,0,0,0,0,0,0,0,0,0,0,0,0,0,0,0,0,0,0
"ESIP1405",0,0,0,0,0,0,0,0,0,0,0,0,0,1,1,1,1,0,0,0,0,0
"ESIP1501",0,1,1,1,0,0,0,1,0,0,0,0,0,0,0,0,0,0,0,0,0,0
"ESIP1502",0,0,0,0,0,0,0,0,0,0,0,0,0,0,1,0,1,1,0,0,0,0
"ESIP1601",0,1,1,1,1,1,1,1,1,1,0,1,1,0,0,0,0,0,0,0,0,0
"ESIP1602",0,0,0,0,0,1,0,0,0,0,0,0,0,0,0,0,0,0,0,0,0,0
"ESIP1603",0,0,0,0,0,0,1,1,1,0,0,1,1,1,1,1,1,0,0,1,1,1
"ESIP1801",0,0,0,0,0,0,0,0,0,0,0,0,0,0,0,1,1,1,1,0,0,1
"ESIP1901",0,1,1,0,1,1,1,0,0,0,0,0,0,0,0,0,0,0,0,0,0,0
"ESIP2001",0,1,1,1,1,1,1,1,1,1,1,1,1,1,1,1,0,0,0,1,1,0
"ESIP2101",0,1,1,1,0,0,0,0,0,0,0,0,0,0,0,0,0,0,0,0,0,0
"ESIP2102",0,1,0,0,0,0,0,0,0,0,0,0,0,0,0,0,0,0,0,0,0,0
"ESIP2104",0,0,0,0,1,1,1,1,1,1,0,1,1,1,1,1,1,1,1,1,1,1
"ESIP2105",0,0,0,0,0,0,0,0,0,0,1,1,1,1,1,1,1,0,0,0,0,0
"ESIP2106",0,0,0,0,0,0,0,0,0,0,0,0,0,0,0,1,1,1,1,1,1,1
"ESIP2107",0,0,0,0,0,0,0,0,0,0,0,0,0,0,0,0,1,0,0,0,0,0
"ESIP2201",0,0,1,1,1,1,0,0,0,0,0,0,0,0,0,0,0,0,0,0,0,0
"ESIP2202",0,0,0,0,0,0,0,0,0,0,0,0,1,0,1,1,1,0,0,0,1,1
"ESIP2204",0,0,0,0,0,0,0,0,0,0,0,0,1,1,0,1,1,0,0,0,0,0
"ESIP2401",0,1,1,1,1,1,1,1,1,1,1,1,1,1,1,1,1,1,1,1,1,1
"ESIP2402",0,1,1,1,1,1,0,1,1,0,0,0,0,0,0,0,0,0,0,0,0,0
"ESIP2501",0,0,0,0,0,0,0,0,0,0,0,0,1,1,1,1,1,0,0,1,1,1
"ESIP2502",0,0,0,0,0,0,0,0,0,0,0,0,1,1,1,0,0,0,0,0,0,0
"ESIP2601",0,1,1,0,0,0,0,0,0,0,0,0,0,0,0,0,0,0,0,0,0,0
"ESIP2604",0,1,1,1,0,0,0,0,0,0,0,0,0,0,0,0,0,0,0,0,0,0
"ESIP2605",0,1,1,1,0,0,0,0,0,0,0,0,0,0,0,0,0,0,0,0,0,0
"ESIP2606",0,0,0,0,0,1,1,1,1,1,0,1,1,0,1,0,0,0,0,0,0,0
"ESIP2607",0,0,0,0,0,0,0,0,0,0,0,0,1,0,0,0,0,0,0,0,0,0
"ESIP2608",0,0,0,0,0,0,0,0,0,1,0,0,0,0,0,0,0,0,0,0,0,0
"ESIP2609",0,0,0,0,0,0,0,0,1,0,0,1,0,1,1,1,1,1,0,0,0,0
"ESIP2610",0,0,0,0,0,0,0,0,0,0,0,1,0,1,1,1,1,0,0,0,0,0
"ESIP2612",0,0,0,0,0,0,0,0,0,0,0,0,0,0,0,1,0,1,1,0,0,0
"ESIP3101",0,1,0,0,0,0,0,0,0,0,0,0,0,0,0,0,0,0,0,0,0,0
"ESIP3102",0,1,1,1,1,1,1,1,1,1,1,1,1,0,0,0,0,0,0,0,0,0
"ESIP3103",0,1,1,1,1,1,1,1,1,1,1,1,0,0,0,0,0,0,0,0,0,0
"ESIP3104",0,0,0,0,0,0,0,1,1,1,1,1,1,1,0,0,0,0,0,0,0,0
"ESIP3105",0,0,0,0,0,0,0,0,0,0,0,0,0,0,0,1,0,1,0,0,1,0
"ESIP4002",0,0,1,1,1,0,0,0,0,0,0,0,0,0,0,0,0,0,0,0,0,0
"ESIP4003",0,0,0,0,0,0,0,0,0,0,1,1,1,1,0,0,1,1,1,1,0,1
"ESIP4004",0,0,0,0,0,0,0,0,0,0,0,0,0,0,0,0,0,0,0,1,1,1
"ESIP4101",0,0,0,0,1,1,1,1,1,1,0,1,1,1,0,0,0,0,0,0,0,0
"ESIP4104",0,1,1,0,0,0,0,0,0,0,0,0,0,0,0,0,0,0,0,0,0,0
"ESIP4107",0,1,1,1,1,0,0,0,0,0,0,0,0,0,0,0,0,0,0,0,0,0
"ESIP4108",0,0,0,1,0,0,0,0,0,0,0,0,0,0,0,0,0,0,0,0,0,0
"ESIP4110",0,0,0,0,0,0,0,0,0,1,1,0,0,0,0,0,0,0,0,0,0,0
"ESIP4111",0,0,0,0,0,0,0,0,0,1,1,1,1,0,0,1,0,1,1,0,1,1
"ESIP4112",0,0,0,0,0,0,0,0,0,1,1,0,0,0,0,0,0,0,0,0,0,0
"ESIP4113",0,0,0,0,0,0,0,0,0,0,1,1,1,1,0,1,1,0,0,0,0,0
"ESIP4114",0,0,0,0,0,0,0,0,0,0,0,1,0,1,0,0,0,0,0,0,0,0
"ESIP4115",0,0,0,0,0,0,0,0,0,0,0,1,1,1,1,1,1,1,1,1,1,1
"ESIP4116",0,0,0,0,0,0,0,0,0,0,0,1,1,1,1,1,1,0,0,0,1,1
"ESIP4117",0,0,0,0,0,0,0,0,0,0,0,0,1,0,0,0,0,0,0,0,0,0
"ESIP4118",0,1,1,0,0,0,0,0,0,0,0,0,0,1,1,0,0,0,0,0,0,0
"ESIP4119",0,0,0,0,0,0,0,0,0,0,0,0,0,1,0,0,0,0,0,0,0,0
"ESIP4120",0,0,0,0,0,0,0,0,0,0,0,0,0,1,1,1,1,1,0,1,0,1
"ESIP4122",0,0,0,0,0,0,0,0,0,0,0,0,0,0,0,1,0,0,0,0,0,0
"ESIP4123",0,0,0,0,0,0,0,0,0,0,0,0,0,0,0,0,1,1,0,0,0,0
"ESIP4124",0,0,0,0,0,0,0,0,0,0,0,0,0,0,0,0,1,0,0,0,0,0
"ESIP4301",0,1,0,0,0,0,0,0,0,0,0,0,0,0,0,0,0,0,0,0,0,0
"ESIP4303",0,0,1,1,1,0,0,0,0,0,0,0,0,0,0,0,0,0,0,0,0,0
"ESIP4304",0,0,1,0,0,0,0,0,0,0,0,0,0,0,0,0,0,0,0,0,0,0
"ESIP4306",0,0,0,0,1,1,0,1,0,0,0,0,0,0,0,0,0,0,0,0,0,0
"ESIP4308",0,0,0,0,0,1,1,0,0,0,0,0,0,0,0,0,0,0,0,0,0,0
"ESIP4310",0,0,0,0,0,0,0,0,0,0,0,0,0,1,1,0,0,0,0,0,0,0
"ESIP4404",0,1,1,1,1,1,1,1,1,1,0,1,0,0,0,0,0,0,0,0,0,0
"ESIP4408",0,0,0,1,0,0,0,0,0,0,0,0,0,0,0,0,0,0,0,0,0,0
"ESIP4410",0,0,0,0,0,0,0,0,0,0,1,1,1,1,1,1,0,0,0,0,0,0
"ESIP4414",0,0,0,0,0,0,0,0,0,0,0,0,1,1,1,1,1,1,0,1,1,1
"ESIP4416",0,0,0,0,0,0,0,0,0,0,0,0,1,1,1,1,1,1,1,1,1,1
"ESIP4417",0,0,0,0,0,0,0,0,0,0,0,0,0,1,1,1,1,0,0,0,0,0
"ESIP4418",0,0,0,0,0,0,0,0,0,0,0,0,0,1,1,0,0,0,0,0,0,0
"ESIP4419",0,0,0,0,0,0,0,0,0,0,0,0,0,1,1,1,1,1,1,1,1,1
"ESIP4420",0,0,0,0,0,0,0,0,0,0,0,0,0,0,1,1,1,1,0,1,1,0
"ESIP4423",0,0,0,0,0,0,0,0,0,0,0,0,0,0,0,0,0,1,0,0,1,0
"ESIP5001",0,1,0,0,0,0,0,0,0,0,0,0,0,0,0,0,0,0,0,0,0,0
"ESIP5002",0,0,1,0,0,0,0,0,0,0,0,0,0,0,0,0,0,0,0,0,0,0
"ESIP5003",0,0,0,1,0,0,0,0,0,0,0,0,0,0,0,0,0,0,0,0,0,0
"ESIP5004",0,0,0,0,0,0,0,0,1,1,1,1,1,1,0,1,0,0,0,0,0,0
"ESIP5005",0,0,0,0,0,0,0,0,0,0,0,0,0,0,1,1,1,1,1,1,1,1
"ESIP5201",0,1,1,1,1,1,0,0,0,0,0,0,0,0,0,0,0,0,0,0,0,0
"ESIP5202",0,0,0,1,1,1,1,1,1,1,1,1,1,1,1,1,1,0,1,0,0,0
"ESIP5203",0,1,1,1,1,1,1,1,0,1,0,1,1,0,0,0,0,1,0,0,0,1
"ESIP5204",0,0,0,0,1,1,1,1,1,1,1,1,1,1,1,1,1,0,0,0,0,0
"ESIP5205",0,0,0,0,0,0,0,0,1,1,1,1,1,1,1,1,1,1,1,0,0,1
"ESIP5302",0,1,1,1,1,1,1,1,1,1,1,1,1,1,1,1,1,1,1,1,1,1
"ESIP5303",0,1,1,1,1,1,1,1,1,1,1,1,1,1,1,1,1,1,1,0,0,0
"ESIP5304",0,1,1,1,1,1,1,1,1,1,1,1,1,1,1,1,1,0,0,0,0,0
"ESIP5307",0,1,1,0,0,0,0,0,0,0,0,0,0,0,0,0,0,0,0,0,0,0
"ESIP5308",0,1,1,0,1,1,0,0,0,0,0,0,0,0,0,0,0,0,0,0,0,0
"ESIP5309",0,0,0,0,1,0,0,0,0,0,0,0,0,0,0,0,0,0,0,0,0,0
"ESIP5310",0,1,1,1,1,1,1,1,1,0,0,1,1,1,1,1,1,1,1,0,0,0
"ESIP5311",0,0,1,1,1,1,1,1,1,0,0,1,0,0,0,0,0,0,0,0,0,0
"ESIP5313",0,0,1,1,1,1,1,1,1,0,0,1,1,1,0,0,0,0,0,0,0,0
"ESIP5314",0,0,0,1,1,1,1,0,0,0,0,0,0,0,0,0,0,0,0,0,0,0
"ESIP5315",0,0,0,1,1,1,0,0,0,0,0,0,0,0,0,0,0,0,0,0,0,0
"ESIP5317",0,0,0,0,0,1,0,0,1,0,0,1,1,1,0,0,0,0,0,0,0,0
"ESIP5318",0,0,0,0,0,1,1,1,1,0,0,1,1,0,0,0,0,0,0,0,0,0
"ESIP5319",0,0,0,0,0,0,0,1,1,0,0,0,0,0,0,0,0,0,0,0,0,0
"ESIP5320",0,0,0,0,0,0,0,1,1,1,1,1,1,1,1,1,1,1,1,1,1,1
"ESIP5321",0,0,0,0,0,0,0,0,0,1,0,1,1,1,1,1,1,0,1,1,1,1
"ESIP5322",0,0,0,0,0,0,0,0,0,1,0,0,0,0,0,0,0,0,0,0,0,0
"ESIP5323",0,0,0,0,0,0,0,0,0,0,0,1,0,1,1,1,1,1,1,0,0,0
"ESIP5324",0,0,0,0,0,0,0,0,0,0,0,0,1,1,1,1,0,1,0,0,0,0
"ESIP5325",0,0,0,0,0,0,0,0,0,0,0,0,1,1,1,1,1,1,0,0,0,0
"ESIP5326",0,0,0,0,0,0,0,0,0,0,0,0,0,1,1,1,1,1,1,0,0,0
"ESIP5401",0,1,1,1,1,1,1,1,1,1,1,1,1,1,1,1,1,1,1,1,0,1
"ESIP5402",0,0,1,1,1,1,1,1,1,0,0,1,1,1,1,0,0,0,0,0,0,0
"ESIP5404",0,0,0,0,0,0,0,0,0,0,0,0,0,0,0,0,1,0,0,1,1,1
"ESIP5405",0,0,0,0,0,0,0,0,0,0,0,0,0,0,0,1,1,1,1,1,1,1
"ESIP6001",0,0,0,0,1,1,1,1,1,1,1,1,1,1,1,1,1,0,0,0,0,0
"ESIP6003",0,0,0,0,0,1,1,1,1,1,1,0,0,1,1,0,0,0,0,0,0,0
"ESIP6004",0,0,0,0,0,0,0,0,0,0,1,1,1,1,0,0,0,0,0,0,0,0
"ESIP6005",0,0,0,0,0,0,0,0,0,0,0,1,1,1,1,0,1,1,0,0,0,0
"ESIP6006",0,0,0,0,0,0,0,0,0,0,0,0,0,0,1,0,0,0,0,0,0,0
"ESIP6007",0,0,0,0,0,0,0,0,0,0,0,0,0,0,1,1,0,0,0,0,0,0
"ESIP6101",0,0,0,0,1,1,1,1,1,0,0,1,1,1,1,1,1,0,0,0,0,0
"ESIP6103",0,0,0,0,0,0,0,0,0,0,0,0,0,0,0,0,0,1,1,1,1,1
"ESIP6201",0,0,0,0,0,0,0,0,0,1,1,1,0,0,0,0,0,0,0,0,0,0
"ESIP6501",0,1,1,1,1,1,1,0,1,1,1,1,1,1,1,1,1,1,1,1,0,1
"ESIP6502",0,1,1,1,0,0,0,0,0,0,0,0,0,0,0,0,0,0,0,0,0,0
"ESIP6503",0,1,1,1,1,1,1,1,1,1,0,1,1,1,1,1,1,1,1,1,1,1
"ESIP6507",0,0,1,1,1,1,1,1,1,0,0,0,0,0,0,0,0,0,0,0,0,0
"ESIP6508",0,0,0,0,0,0,0,0,0,0,0,0,0,0,0,0,1,1,1,1,1,1
"ESIP6509",0,0,0,0,0,0,0,0,0,0,0,0,0,0,0,0,1,0,0,0,0,0
"ESIP6510",0,0,0,0,0,0,0,0,0,0,0,0,0,0,0,1,1,1,0,0,0,0
"ESIP6601",0,1,1,1,1,0,0,0,0,0,0,0,0,0,0,0,0,0,0,0,0,0
"ESIP6602",0,0,0,1,1,1,1,1,1,1,1,1,1,0,1,0,0,0,0,0,0,1
"ESIP6603",0,0,0,0,0,0,0,0,0,0,0,0,0,0,1,1,1,1,1,1,1,1
"ESIP7101",0,0,0,0,0,0,0,0,1,1,1,1,0,0,0,0,0,0,0,0,0,0
"ESIP7102",0,0,0,0,0,0,0,0,1,1,1,1,0,0,0,0,0,0,0,0,0,0
"ESIP7103",0,0,0,0,0,0,0,0,1,1,1,1,0,0,0,0,0,0,0,0,0,0
"ESIP7104",0,0,0,0,0,0,0,0,1,1,1,1,0,0,0,0,0,0,0,0,0,0
"ESIP9801",0,1,1,1,1,1,1,1,1,0,1,1,1,0,0,0,0,0,0,0,0,0
"ESIP9802",0,0,0,0,0,0,0,0,0,0,0,1,0,0,0,0,0,0,0,0,0,0
"ESIP9803",0,0,0,0,0,0,0,0,0,0,0,0,1,1,1,1,1,1,1,0,0,0
"FRP100",0,0,0,0,0,0,0,0,0,0,0,0,1,0,1,1,0,0,0,0,0,0
"FRP1003",0,0,0,0,0,0,0,0,0,0,0,0,0,0,0,0,0,0,0,0,1,1
"FRP1004",0,0,0,0,0,0,0,0,0,0,0,0,0,0,0,0,0,0,0,0,1,1
"FRP1008",0,0,0,0,0,0,0,0,0,0,0,0,0,0,0,0,0,0,0,0,1,1
"FRP1009",0,0,0,0,0,0,0,0,0,0,0,0,0,0,0,0,0,0,0,0,1,1
"FRP101",0,0,0,0,1,1,1,1,1,1,1,1,1,1,1,1,1,1,1,1,1,1
"FRP1010",0,0,0,0,0,0,0,0,0,0,0,0,0,0,0,0,0,0,0,0,0,1
"FRP1011",0,0,0,0,0,0,0,0,0,0,0,0,0,0,0,0,0,0,0,0,1,1
"FRP1012",0,0,0,0,0,0,0,0,0,0,0,0,0,0,0,0,0,0,0,0,1,1
"FRP1013",0,0,0,0,0,0,0,0,0,0,0,0,0,0,0,0,0,0,0,0,1,0
"FRP1014",0,0,0,0,0,0,0,0,0,0,0,0,0,0,0,0,0,0,0,0,1,1
"FRP102",0,0,0,0,1,1,1,1,0,0,0,0,0,0,0,0,0,0,0,0,0,0
"FRP1023",0,0,0,0,0,0,0,0,0,0,0,0,0,0,0,0,0,0,0,0,1,0
"FRP104",0,0,0,0,0,1,1,1,1,1,1,1,1,1,1,0,0,0,0,0,0,0
"FRP1042",0,0,0,0,0,0,0,0,0,0,0,0,0,0,0,0,0,0,0,0,0,1
"FRP1043",0,0,0,0,0,0,0,0,0,0,0,0,0,0,0,0,0,0,0,0,0,1
"FRP1044",0,0,0,0,0,0,0,0,0,0,0,0,0,0,0,0,0,0,0,0,0,1
"FRP1045",0,0,0,0,0,0,0,0,0,0,0,0,0,0,0,0,0,0,0,0,0,1
"FRP1047",0,0,0,0,0,0,0,0,0,0,0,0,0,0,0,0,0,0,0,0,0,1
"FRP1048",0,0,0,0,0,0,0,0,0,0,0,0,0,0,0,0,0,0,0,0,0,1
"FRP1049",0,0,0,0,0,0,0,0,0,0,0,0,0,0,0,0,0,0,0,0,0,1
"FRP105",0,0,0,0,0,1,1,1,1,1,1,1,1,1,1,0,0,0,0,0,0,0
"FRP1050",0,0,0,0,0,0,0,0,0,0,0,0,0,0,0,0,0,0,0,0,0,1
"FRP1051",0,0,0,0,0,0,0,0,0,0,0,0,0,0,0,0,0,0,0,0,0,1
"FRP1054",0,0,0,0,0,0,0,0,0,0,0,0,0,0,0,0,0,0,0,0,0,1
"FRP1055",0,0,0,0,0,0,0,0,0,0,0,0,0,0,0,0,0,0,0,0,0,1
"FRP1056",0,0,0,0,0,0,0,0,0,0,0,0,0,0,0,0,0,0,0,0,0,1
"FRP106",0,0,0,0,0,1,1,1,1,1,1,1,1,1,1,1,0,0,0,0,0,0
"FRP1069",0,0,0,0,0,0,0,0,0,0,0,0,0,0,0,0,0,0,0,0,0,1
"FRP107",0,0,0,0,0,1,1,1,1,1,1,1,1,1,1,0,0,0,0,0,0,0
"FRP108",0,0,0,0,0,1,1,1,1,1,1,1,1,1,1,1,1,1,1,1,1,1
"FRP109",0,0,0,0,0,1,1,1,1,1,1,1,1,1,1,1,1,0,1,0,0,0
"FRP11",1,1,1,1,1,1,1,1,0,0,0,0,0,0,0,0,0,0,0,0,0,0
"FRP110",0,0,0,0,0,1,1,1,1,0,1,0,0,0,0,0,0,0,0,0,0,0
"FRP1102",0,0,0,0,0,0,0,0,0,0,0,0,0,0,0,0,0,0,0,0,1,1
"FRP111",0,0,0,0,0,0,1,1,1,1,0,0,0,0,0,0,0,0,0,0,0,0
"FRP112",0,0,0,0,0,0,1,1,1,1,1,0,0,0,0,0,0,0,0,0,0,0
"FRP113",0,0,0,0,0,1,0,0,0,0,0,0,0,0,0,0,0,0,0,0,0,0
"FRP114",0,0,0,0,0,1,1,1,1,1,1,1,1,1,1,1,1,1,0,0,0,0
"FRP115",0,0,0,0,0,1,1,1,1,0,0,0,0,0,0,0,0,0,0,0,0,0
"FRP116",0,0,0,0,0,1,1,0,0,1,1,0,1,0,0,0,0,0,0,0,0,0
"FRP1160",1,1,1,1,1,1,0,0,0,0,0,0,0,0,0,0,0,0,0,0,0,0
"FRP1161",1,1,1,1,0,0,0,0,0,0,0,0,0,0,0,0,0,0,0,0,0,0
"FRP1163",0,0,0,0,0,0,0,0,0,0,0,1,0,0,0,0,0,0,0,0,0,0
"FRP117",0,0,0,0,0,1,1,1,1,1,1,1,1,1,1,0,1,1,1,0,0,0
"FRP118",0,0,0,0,0,1,1,1,0,1,1,1,1,1,1,1,1,1,1,1,1,1
"FRP119",0,0,0,0,0,1,0,0,0,1,1,0,0,0,0,0,0,0,0,0,0,0
"FRP12",1,1,1,1,1,1,1,1,1,1,1,1,1,1,1,1,1,1,1,1,1,1
"FRP120",0,0,0,0,0,0,1,1,0,1,1,0,0,0,0,0,0,0,0,0,0,0
"FRP121",0,0,0,0,0,0,1,1,1,1,1,0,0,0,0,0,0,0,0,0,0,0
"FRP122",0,0,0,0,0,0,0,1,1,1,1,1,1,1,1,1,1,1,1,1,1,1
"FRP123",0,0,0,0,0,0,1,1,0,0,0,0,0,0,0,0,0,0,0,0,0,0
"FRP124",0,0,0,0,0,0,1,1,1,0,0,0,0,0,0,0,0,0,0,0,0,0
"FRP125",0,0,0,0,0,0,1,1,1,1,1,1,1,1,1,1,1,1,1,1,1,0
"FRP126",0,0,0,0,0,0,1,1,1,1,1,0,0,0,0,0,0,0,0,0,0,0
"FRP127",0,0,0,0,0,0,1,1,1,1,1,1,1,1,1,1,0,0,0,0,0,0
"FRP128",0,0,0,0,0,0,1,1,1,1,0,0,0,0,0,0,0,0,0,0,0,0
"FRP129",0,0,0,0,0,0,1,0,0,0,0,0,0,0,0,0,0,0,0,0,0,0
"FRP13",1,0,1,1,1,1,1,1,1,1,1,1,0,0,0,0,0,0,0,0,0,0
"FRP130",0,0,0,0,0,0,1,1,1,1,1,0,1,1,0,0,0,0,0,0,0,0
"FRP131",0,0,0,0,0,0,1,1,1,1,1,1,1,1,1,1,1,1,1,1,1,1
"FRP132",0,0,0,0,0,0,1,1,1,1,1,0,0,0,0,0,0,0,0,0,0,0
"FRP133",0,0,0,0,0,0,1,0,0,0,0,0,0,0,0,0,0,0,0,0,0,0
"FRP134",0,0,0,0,0,0,1,1,0,1,0,0,0,0,0,0,0,0,0,0,0,0
"FRP135",0,0,0,0,0,0,1,1,0,1,1,0,0,0,0,0,0,0,0,0,0,0
"FRP136",0,0,0,0,0,0,1,1,1,1,1,1,1,1,1,1,1,1,1,0,0,0
"FRP137",0,0,0,0,0,0,1,1,1,0,0,0,0,0,0,0,0,0,0,0,0,0
"FRP139",0,0,0,0,0,0,0,1,0,1,1,1,1,1,0,1,1,1,1,1,1,1
"FRP14",1,1,1,1,1,1,1,1,1,1,1,1,1,1,1,1,1,1,1,1,1,1
"FRP140",0,0,0,0,0,0,0,1,1,1,1,1,1,1,1,1,1,1,1,1,1,1
"FRP141",0,0,0,0,0,0,0,0,0,1,1,1,1,0,0,0,0,0,0,0,0,0
"FRP142",0,0,0,0,0,0,0,1,1,1,1,1,1,1,0,0,0,0,0,0,0,0
"FRP143",0,0,0,0,0,0,0,1,1,1,1,0,0,0,0,0,0,0,0,0,0,0
"FRP144",0,0,0,0,0,0,0,1,1,1,1,1,0,0,0,0,0,0,0,0,0,0
"FRP145",0,0,0,0,0,0,0,1,1,1,1,1,1,0,0,0,0,0,0,0,0,0
"FRP146",0,0,0,0,0,0,0,1,1,1,1,0,0,0,0,0,0,0,0,0,0,0
"FRP147",0,0,0,0,0,0,0,1,1,1,1,1,1,1,0,0,1,0,0,0,0,0
"FRP148",0,0,0,0,0,0,0,1,1,1,1,1,1,1,1,1,1,1,1,1,1,1
"FRP149",0,0,0,0,0,0,0,1,1,1,1,1,1,1,1,1,1,0,0,0,0,0
"FRP15",1,1,1,1,1,1,1,1,0,0,1,1,0,0,0,0,0,0,0,0,0,0
"FRP150",0,0,0,0,0,0,0,1,1,1,1,1,0,0,0,0,0,0,0,0,0,0
"FRP151",0,0,0,0,0,0,0,1,1,0,1,1,0,1,1,1,1,1,1,0,0,0
"FRP154",0,0,0,0,0,0,0,0,0,1,1,1,1,1,1,1,0,0,0,0,0,0
"FRP155",0,0,0,0,0,0,0,0,1,0,0,0,0,0,0,0,0,0,0,0,0,0
"FRP156",0,0,0,0,0,0,0,0,1,0,0,0,0,0,0,0,0,0,0,0,0,0
"FRP157",0,0,0,0,0,0,0,0,0,0,1,0,0,0,0,0,0,0,0,0,0,0
"FRP158",0,0,0,0,0,0,0,0,1,1,1,1,1,0,0,0,0,0,0,0,0,0
"FRP159",0,0,0,0,0,0,0,0,1,1,1,1,1,1,1,1,1,0,0,0,0,0
"FRP160",0,0,0,0,0,0,0,0,1,1,1,1,1,1,1,1,1,0,0,0,0,0
"FRP161",0,0,0,0,0,0,0,0,1,1,0,0,0,0,0,0,0,0,0,0,0,0
"FRP162",0,0,0,0,0,0,0,0,0,1,1,1,1,1,1,1,1,1,1,0,0,0
"FRP163",0,0,0,0,0,0,0,0,1,1,1,1,1,1,1,1,1,1,1,1,1,1
"FRP166",0,0,0,0,0,0,0,0,1,1,1,1,0,0,0,0,0,0,0,0,0,0
"FRP168",0,0,0,0,0,0,0,0,1,1,1,0,0,0,0,0,0,0,0,0,0,0
"FRP169",0,0,0,0,0,0,0,0,1,0,0,0,0,0,0,0,0,0,0,0,0,0
"FRP17",1,1,1,1,1,1,1,1,1,1,1,1,1,1,1,1,1,1,1,1,1,1
"FRP170",0,0,0,0,0,0,0,0,1,1,0,0,0,0,0,0,0,0,0,0,0,0
"FRP172",0,0,0,0,0,0,0,0,1,1,1,1,1,1,1,1,1,1,1,1,1,1
"FRP173",0,0,0,0,0,0,0,0,1,1,1,0,0,0,0,0,0,0,1,1,1,1
"FRP174",0,0,0,0,0,0,0,0,1,1,1,1,1,0,0,0,0,0,0,0,0,0
"FRP175",0,0,0,0,0,0,0,0,1,0,0,0,0,0,0,0,0,0,0,0,0,0
"FRP176",0,0,0,0,0,0,0,0,0,1,1,0,0,0,0,0,0,0,0,0,0,0
"FRP177",0,0,0,0,0,0,0,0,1,1,1,0,0,0,0,0,0,0,0,0,0,0
"FRP179",0,0,0,0,0,0,0,0,1,1,0,1,1,1,1,1,1,1,1,0,1,1
"FRP18",1,1,1,1,1,1,1,1,1,1,1,1,1,1,1,1,1,1,1,1,1,1
"FRP180",0,0,0,0,0,0,0,0,1,1,1,1,1,0,0,0,0,0,0,0,0,0
"FRP181",0,0,0,0,0,0,0,0,1,1,1,0,0,0,0,0,0,0,0,0,0,0
"FRP184",0,0,0,0,0,0,0,1,0,0,0,0,0,0,0,0,0,0,0,0,0,0
"FRP185",0,0,0,0,0,0,0,1,1,1,1,1,1,1,1,0,0,0,0,0,0,0
"FRP187",0,0,0,0,0,0,0,0,1,1,1,0,0,0,0,0,0,0,0,0,0,0
"FRP188",0,0,0,0,0,0,0,0,0,1,1,1,1,1,1,1,1,1,0,0,0,0
"FRP189",0,0,0,0,0,0,0,0,0,1,1,1,1,1,0,0,0,0,0,0,0,0
"FRP190",0,0,0,0,0,0,0,1,1,1,1,1,1,1,1,0,0,0,0,0,0,0
"FRP191",0,0,0,0,0,0,0,0,0,1,1,1,1,0,1,1,0,0,0,0,0,0
"FRP192",0,0,0,0,0,0,0,0,0,1,1,1,1,0,1,1,0,0,0,0,0,0
"FRP193",0,0,0,0,0,0,0,0,0,0,1,0,1,1,1,1,1,1,1,1,1,1
"FRP194",0,0,0,0,0,0,0,0,0,0,1,1,1,1,1,1,0,0,0,0,0,0
"FRP195",0,0,0,0,0,0,0,0,0,1,1,1,1,1,0,1,1,1,1,0,0,0
"FRP197",0,0,0,0,0,0,0,0,0,1,0,0,0,0,0,0,0,0,0,0,0,0
"FRP198",0,0,0,0,0,0,0,0,0,1,1,1,1,1,1,1,1,1,1,1,1,1
"FRP199",0,0,0,0,0,0,0,0,0,1,1,1,1,1,1,1,1,1,0,1,1,0
"FRP2",0,1,1,1,1,1,1,0,0,0,0,0,0,0,0,0,0,0,0,0,0,0
"FRP200",0,0,0,0,0,0,0,0,0,1,1,1,1,1,0,0,0,0,0,0,0,0
"FRP201",0,0,0,0,0,0,0,0,0,1,1,1,1,1,0,0,0,0,0,0,0,0
"FRP202",0,0,0,0,0,0,0,0,0,1,1,1,1,1,0,1,1,1,1,1,1,1
"FRP203",0,0,0,0,0,0,0,0,0,1,1,1,1,1,1,0,0,0,0,0,0,0
"FRP204",0,0,0,0,0,0,0,0,0,1,1,1,1,1,1,1,1,1,1,1,1,1
"FRP205",0,0,0,0,0,0,0,0,0,1,1,1,1,1,1,1,1,1,1,1,1,0
"FRP208",0,0,0,0,0,0,0,0,0,1,1,1,1,0,0,0,0,0,0,0,0,0
"FRP209",0,0,0,0,0,0,0,0,0,1,0,1,1,0,0,0,0,0,0,0,0,0
"FRP21",1,1,0,0,0,0,0,0,0,0,0,0,0,0,0,0,0,0,0,0,0,0
"FRP210",0,0,0,0,0,0,0,0,1,1,1,0,0,0,0,0,0,0,0,0,0,0
"FRP211",0,0,0,0,0,0,0,0,0,1,1,1,0,0,0,0,0,0,0,0,0,0
"FRP212",0,0,0,0,0,0,0,0,0,1,1,1,1,1,1,1,1,1,1,1,0,0
"FRP213",0,0,0,0,0,0,0,0,0,1,1,1,1,1,1,1,1,1,1,0,0,0
"FRP214",0,0,0,0,0,0,0,0,0,1,1,1,1,1,1,1,1,1,1,1,1,1
"FRP215",0,0,0,0,0,0,0,0,0,1,1,0,0,0,0,0,0,0,0,0,0,0
"FRP216",0,0,0,0,0,0,0,0,0,1,1,1,1,1,1,1,1,1,1,1,0,0
"FRP217",0,0,0,0,0,0,0,0,0,0,1,1,1,1,1,1,1,1,1,1,1,0
"FRP218",0,0,0,0,0,0,0,0,0,0,1,1,1,1,0,0,0,0,0,0,0,0
"FRP219",0,0,0,0,0,0,0,0,0,0,1,1,1,1,1,1,1,1,1,1,1,1
"FRP22",1,1,1,1,1,1,1,1,0,0,0,0,0,0,0,0,0,0,0,0,0,0
"FRP220",0,0,0,0,0,0,0,0,0,0,1,1,1,1,1,1,1,1,1,1,1,1
"FRP221",0,0,0,0,0,0,0,0,0,0,1,1,1,1,1,1,1,1,1,1,1,1
"FRP222",0,0,0,0,0,0,0,0,0,0,1,1,1,0,0,0,0,0,0,0,0,0
"FRP223",0,0,0,0,0,0,0,0,0,0,1,1,1,0,1,1,1,1,0,1,1,0
"FRP224",0,0,0,0,0,0,0,0,0,0,1,1,1,0,1,1,1,0,0,0,0,0
"FRP225",0,0,0,0,0,0,0,0,0,0,0,0,1,1,1,1,1,1,0,0,0,0
"FRP226",0,0,0,0,0,0,0,0,0,0,1,1,1,1,1,0,0,0,0,0,0,0
"FRP227",0,0,0,0,0,0,0,0,0,0,0,1,1,1,1,0,0,0,0,0,0,0
"FRP228",0,0,0,0,0,0,0,0,0,0,1,1,1,1,1,0,1,0,0,1,1,0
"FRP229",0,0,0,0,0,0,0,0,0,0,1,1,1,1,1,0,1,0,0,1,1,0
"FRP230",0,0,0,0,0,0,0,0,0,0,1,1,1,1,1,0,1,0,0,1,1,0
"FRP231",0,0,0,0,0,0,0,0,0,0,1,1,1,1,1,1,1,1,0,1,1,0
"FRP232",0,0,0,0,0,0,0,0,0,0,1,1,1,1,1,1,1,1,0,1,1,0
"FRP235",0,0,0,0,0,0,0,0,0,0,1,1,1,1,1,1,1,1,1,1,1,1
"FRP236",0,0,0,0,0,0,0,0,0,0,0,1,1,1,1,1,1,0,0,0,0,0
"FRP238",0,0,0,0,0,0,0,0,0,0,1,1,1,1,1,1,1,1,1,1,1,1
"FRP239",0,0,0,0,0,0,0,0,0,0,1,1,1,1,1,1,1,1,1,1,1,1
"FRP240",0,0,0,0,0,0,0,0,0,0,1,1,1,1,1,1,1,1,1,1,1,1
"FRP241",0,0,0,0,0,0,0,0,1,1,1,0,0,0,0,0,0,0,0,0,0,0
"FRP242",0,0,0,0,0,0,0,0,0,0,1,1,1,1,1,1,1,0,1,1,1,0
"FRP243",0,0,0,0,0,0,0,0,0,0,1,1,1,0,0,0,0,0,0,0,0,0
"FRP244",0,0,1,0,0,0,1,1,1,1,1,1,1,1,1,1,1,1,1,0,0,0
"FRP245",0,0,0,0,0,0,0,0,0,0,0,1,1,0,1,0,1,1,1,0,0,0
"FRP246",0,0,0,0,0,0,0,0,0,1,1,1,1,1,1,0,1,1,1,0,0,0
"FRP247",0,0,0,0,0,0,0,0,0,0,1,1,0,0,0,0,0,0,0,0,0,0
"FRP248",0,0,0,0,0,0,0,0,0,0,0,1,1,1,1,1,1,1,1,1,1,1
"FRP249",0,0,0,0,0,0,0,0,0,0,0,1,1,1,1,1,1,1,1,1,1,1
"FRP25",1,1,0,1,1,1,1,1,1,1,1,1,1,1,1,1,1,1,1,1,1,1
"FRP250",0,0,0,0,0,0,0,0,0,0,0,1,1,1,1,0,0,0,0,0,0,0
"FRP251",0,0,0,0,0,0,0,0,0,1,1,1,1,1,1,1,1,1,1,1,1,1
"FRP252",0,0,0,0,0,0,0,0,0,0,0,1,1,1,0,0,0,0,0,0,0,0
"FRP253",0,0,0,0,0,0,0,0,0,1,1,0,0,0,0,0,0,0,0,0,0,0
"FRP254",0,0,0,0,0,0,0,0,0,0,0,1,1,0,0,0,0,0,0,0,0,0
"FRP255",0,0,0,0,0,0,0,0,0,0,1,1,0,0,0,0,0,0,0,0,0,0
"FRP256",0,0,0,0,0,0,0,0,0,0,0,0,1,0,1,1,1,0,0,0,0,0
"FRP260",0,0,0,0,0,0,0,0,0,0,0,0,1,1,1,1,1,1,1,1,1,1
"FRP261",0,0,0,0,0,0,0,0,0,0,0,0,1,1,1,1,1,0,0,0,0,0
"FRP262",0,0,0,0,0,0,0,0,0,0,0,0,1,1,1,1,1,0,0,0,0,0
"FRP263",0,0,0,0,0,0,0,0,0,0,0,0,1,1,1,1,1,1,1,1,1,1
"FRP264",0,0,0,0,0,0,0,0,0,0,0,0,1,0,1,1,1,1,1,1,1,1
"FRP265",0,0,0,0,0,0,0,0,0,0,0,0,1,1,1,1,1,1,1,1,1,1
"FRP267",0,0,0,0,0,0,0,0,0,0,1,1,1,0,0,0,0,0,0,0,0,0
"FRP268",0,0,0,0,0,0,0,0,0,0,0,0,1,0,0,0,0,0,0,0,0,0
"FRP269",0,0,0,0,0,0,0,0,0,0,0,0,1,1,0,0,0,0,0,0,0,0
"FRP27",0,0,0,0,0,0,0,0,1,1,1,1,0,1,1,1,1,0,0,0,0,0
"FRP270",0,0,0,0,0,0,0,0,0,0,0,0,1,1,1,1,1,1,0,1,1,0
"FRP271",0,0,0,0,0,0,0,0,0,0,0,0,1,1,1,0,0,0,0,0,0,0
"FRP272",0,0,0,0,0,0,0,0,0,0,0,0,0,1,0,0,0,0,0,0,0,0
"FRP273",0,0,0,0,0,0,0,0,0,0,0,0,1,0,0,0,0,0,0,0,0,0
"FRP274",0,0,0,0,0,0,0,0,0,0,0,0,1,0,0,0,0,0,0,0,0,0
"FRP275",0,0,0,0,0,0,0,0,0,0,0,0,0,1,1,1,1,1,0,0,0,0
"FRP276",0,0,0,0,0,0,0,0,0,0,0,0,0,1,1,1,1,1,1,1,1,1
"FRP277",0,0,0,0,0,0,0,0,0,0,0,0,0,1,1,1,1,1,0,0,0,0
"FRP278",0,0,0,0,0,0,0,0,0,0,0,0,0,1,1,0,0,0,0,0,0,0
"FRP280",0,0,0,0,0,0,0,0,0,0,0,0,0,0,1,0,0,0,0,0,0,0
"FRP282",0,0,0,0,0,0,0,0,0,0,0,0,0,1,0,0,0,0,0,0,0,0
"FRP283",0,0,0,0,0,0,0,0,0,0,0,0,0,1,1,1,1,1,1,1,1,1
"FRP284",0,0,0,0,0,0,0,0,0,0,0,0,0,1,1,1,1,1,1,1,1,1
"FRP286",0,0,0,0,0,0,0,0,0,0,0,0,0,1,1,1,0,1,1,0,1,0
"FRP287",0,0,0,0,0,0,0,0,0,0,0,0,0,1,1,1,1,1,1,1,1,1
"FRP288",0,0,0,0,0,0,0,0,0,0,0,0,1,1,1,1,1,0,0,0,0,0
"FRP290",0,0,0,0,0,0,0,0,0,0,0,0,0,1,1,0,0,0,0,0,0,0
"FRP291",0,0,0,0,0,0,0,0,0,0,0,0,0,1,1,1,1,1,1,1,1,1
"FRP292",0,0,0,0,0,0,0,0,0,0,0,0,0,0,1,1,1,1,1,1,1,1
"FRP293",0,0,0,0,0,0,0,0,0,0,0,0,0,1,1,1,1,1,1,1,1,0
"FRP294",0,0,0,0,0,0,0,0,0,0,0,0,0,1,1,1,0,1,0,0,0,0
"FRP295",0,0,0,0,0,0,0,0,0,0,0,0,0,0,1,1,1,1,0,0,0,0
"FRP296",0,0,0,0,0,0,0,0,0,0,0,0,0,0,1,0,1,1,1,0,0,0
"FRP297",0,0,0,0,0,0,0,0,0,0,0,0,0,0,1,1,1,1,1,1,1,1
"FRP298",0,0,0,0,0,0,0,0,0,0,0,0,0,1,1,1,1,1,1,1,1,1
"FRP299",0,0,0,0,0,0,0,0,0,0,0,0,0,0,1,1,1,1,1,1,1,1
"FRP32",1,1,1,1,1,1,1,1,1,1,1,1,1,1,0,0,0,0,0,0,0,0
"FRP34",0,0,1,1,1,1,1,1,1,1,1,1,1,1,1,1,1,1,1,1,1,1
"FRP35",0,0,1,0,0,0,0,0,0,0,0,0,0,0,0,0,0,0,0,0,0,0
"FRP36",1,1,1,1,0,0,0,0,0,0,0,0,0,0,0,0,0,0,0,0,0,0
"FRP37",1,0,0,0,1,1,1,1,1,1,1,1,0,1,1,1,1,0,0,0,0,0
"FRP39",1,1,1,1,1,1,1,1,1,1,1,1,1,1,1,1,1,1,1,1,1,1
"FRP4",1,1,0,1,1,0,0,0,0,0,0,0,0,0,0,0,0,0,0,0,0,0
"FRP40",0,0,1,0,1,1,1,1,0,0,0,0,0,0,0,0,0,0,0,0,0,0
"FRP41",0,0,0,0,1,1,1,1,1,1,0,0,0,0,0,0,0,0,0,0,0,0
"FRP42",1,1,1,1,1,1,0,0,0,0,0,0,0,1,1,1,1,1,0,1,1,1
"FRP43",1,1,1,1,1,0,0,0,0,0,0,0,0,0,1,1,1,1,0,1,1,1
"FRP44",1,1,1,1,1,1,1,0,1,1,0,0,1,1,0,1,1,1,1,1,1,1
"FRP45",0,1,1,1,0,0,0,0,0,0,0,0,0,0,0,0,0,0,0,0,0,0
"FRP46",1,1,1,1,1,1,1,1,1,1,0,0,0,0,0,0,0,0,0,0,0,0
"FRP47",0,0,1,1,1,1,1,1,1,1,1,1,1,1,1,1,1,1,1,1,1,1
"FRP49",0,0,1,1,1,1,0,0,0,0,0,0,0,0,0,0,0,0,0,0,0,0
"FRP50",0,0,1,1,0,1,1,0,0,0,0,0,1,1,0,1,1,0,0,1,1,1
"FRP51",0,0,1,1,1,1,1,1,0,1,1,1,1,1,0,1,1,1,1,1,1,1
"FRP52",0,0,1,1,1,1,1,0,0,1,1,1,1,0,0,0,0,0,0,0,0,0
"FRP53",0,0,1,1,1,1,1,0,0,1,1,1,1,1,0,1,1,1,1,1,1,1
"FRP54",0,0,0,1,1,1,1,0,0,1,1,1,1,0,0,0,0,0,0,0,0,0
"FRP55",0,0,1,0,0,1,1,1,1,0,0,0,0,0,0,0,0,0,0,0,0,0
"FRP56",0,0,1,1,1,1,1,0,1,1,1,1,1,0,0,0,0,0,0,0,0,0
"FRP57",0,0,1,1,1,0,1,0,0,0,0,0,0,0,0,0,0,0,0,0,0,0
"FRP58",0,0,1,1,1,0,0,0,0,0,0,0,0,0,0,0,0,0,0,0,0,0
"FRP59",0,0,1,1,1,1,1,1,0,1,1,1,0,1,0,0,0,0,0,0,0,0
"FRP60",0,0,1,1,1,1,1,1,1,1,1,1,0,0,0,0,0,0,0,0,0,0
"FRP61",0,0,0,0,1,1,1,1,1,1,0,0,0,0,0,0,0,0,0,0,0,0
"FRP610",0,0,0,0,0,0,0,0,0,0,0,0,0,0,1,1,1,1,1,0,0,0
"FRP615",0,0,0,0,0,0,0,0,0,0,0,0,0,0,1,1,1,1,1,1,1,0
"FRP62",0,0,0,1,1,1,0,0,0,0,0,0,0,0,0,0,0,0,0,0,0,0
"FRP620",0,0,0,0,0,0,0,0,0,0,0,0,0,0,1,1,1,0,0,0,0,0
"FRP621",0,0,0,0,0,0,0,0,0,0,0,0,0,0,1,1,1,1,1,1,1,1
"FRP622",0,0,0,0,0,0,0,0,0,0,0,0,0,0,1,1,1,1,1,1,1,1
"FRP628",0,0,0,0,0,0,0,0,0,0,0,0,0,0,1,0,1,1,0,0,0,0
"FRP63",0,0,0,1,1,1,1,1,1,1,1,1,1,1,1,1,1,1,1,1,1,1
"FRP637",0,0,0,0,0,0,0,0,0,0,0,0,0,1,1,1,1,1,0,0,0,0
"FRP639",0,0,0,0,0,0,0,0,0,0,0,0,0,0,0,1,1,1,1,1,1,1
"FRP64",0,0,0,1,1,1,1,0,0,1,1,1,1,1,1,1,1,1,0,1,1,1
"FRP640",0,0,0,0,0,0,0,0,0,0,0,0,0,0,0,1,1,1,1,1,1,1
"FRP641",0,0,0,0,0,0,0,0,0,0,0,0,0,0,0,1,1,1,1,1,1,1
"FRP642",0,0,0,0,0,0,0,0,0,0,0,0,0,0,0,1,1,1,1,0,0,0
"FRP643",0,0,0,0,0,0,0,0,0,0,0,0,0,0,0,1,1,1,1,1,0,1
"FRP649",0,0,0,0,0,0,0,0,0,0,0,0,0,0,0,1,1,1,1,1,0,0
"FRP65",0,0,0,1,1,1,0,1,1,0,0,0,0,0,0,0,0,0,0,0,0,0
"FRP650",0,0,0,0,0,0,0,0,0,0,0,0,0,0,0,1,1,1,1,1,0,0
"FRP659",0,0,0,0,0,0,0,0,0,0,0,0,0,0,0,1,0,1,0,0,0,0
"FRP66",0,0,0,1,1,1,1,1,1,1,1,1,1,1,1,1,1,1,1,0,0,0
"FRP660",0,0,0,0,0,0,0,0,0,0,0,0,0,0,0,1,1,1,1,1,1,1
"FRP662",0,0,0,0,0,0,0,0,0,0,0,0,0,0,0,1,1,1,1,0,0,0
"FRP663",0,0,0,0,0,0,0,0,0,0,0,0,0,0,0,0,1,1,1,1,1,0
"FRP667",0,0,0,0,0,0,0,0,0,0,0,0,0,0,0,0,1,1,1,1,1,1
"FRP668",0,0,0,0,0,0,0,0,0,0,0,1,1,1,0,0,0,0,0,0,0,0
"FRP67",0,0,0,1,1,1,1,1,1,1,1,1,0,0,0,0,0,0,0,0,0,0
"FRP670",0,0,0,0,0,0,0,0,0,0,0,0,0,0,0,1,1,0,0,0,0,0
"FRP672",0,0,0,0,0,0,0,0,0,0,0,0,0,0,0,0,1,1,1,0,0,0
"FRP676",0,0,0,0,0,0,0,0,0,0,0,0,0,0,0,0,1,1,1,1,1,1
"FRP68",0,0,0,1,1,1,1,1,1,0,0,0,0,0,0,0,0,0,0,0,0,0
"FRP683",0,0,0,0,0,0,0,0,0,0,0,0,0,0,0,0,1,1,1,1,1,1
"FRP684",0,0,0,0,0,0,0,0,0,0,0,0,0,0,0,0,1,1,1,1,1,1
"FRP685",0,0,0,0,0,0,0,0,0,0,0,0,0,0,0,0,1,1,0,0,0,0
"FRP686",0,0,0,0,0,0,0,0,0,0,0,0,0,0,0,0,1,1,1,0,0,0
"FRP687",0,0,0,0,0,0,0,0,0,0,0,0,0,0,0,0,1,1,1,1,0,0
"FRP688",0,0,0,0,0,0,0,0,0,0,0,0,0,0,0,0,0,0,0,0,0,1
"FRP69",0,0,0,1,1,1,1,1,1,1,1,1,1,1,1,0,0,0,0,0,0,0
"FRP693",0,0,0,0,0,0,0,0,0,0,0,0,0,0,0,0,1,1,1,1,0,0
"FRP699",0,0,0,0,0,0,0,0,0,0,0,0,0,0,0,0,0,1,1,1,1,1
"FRP7",1,0,1,1,1,1,0,1,1,1,1,1,1,1,1,1,0,0,0,0,0,0
"FRP70",0,0,0,1,1,1,1,1,1,1,1,0,0,0,0,0,0,0,0,0,0,0
"FRP700",0,0,0,0,0,0,0,0,0,0,0,0,0,0,0,0,0,1,1,1,0,1
"FRP701",0,0,0,0,0,0,0,0,0,0,0,0,0,0,0,0,1,1,1,1,1,1
"FRP703",0,0,0,0,0,0,0,0,0,0,0,0,0,0,0,0,1,1,1,1,1,1
"FRP704",0,0,0,0,0,0,0,0,0,0,0,0,0,0,0,0,1,1,1,1,1,1
"FRP705",0,0,0,0,0,0,0,0,0,0,0,0,0,0,0,0,1,1,1,1,1,1
"FRP706",0,0,0,0,0,0,0,0,0,0,0,0,0,0,0,0,1,1,1,1,1,1
"FRP71",0,0,0,1,1,1,1,1,1,1,1,1,1,1,1,1,1,1,1,1,1,1
"FRP716",0,0,0,0,0,0,0,0,0,0,0,0,0,0,0,0,1,1,1,1,1,1
"FRP72",0,0,0,1,1,1,1,0,0,0,0,0,0,0,0,0,0,0,0,0,0,0
"FRP73",0,0,0,1,1,1,0,0,0,0,0,0,0,0,0,0,0,0,0,0,0,0
"FRP74",0,0,0,0,0,1,1,0,0,0,0,0,0,0,0,0,0,0,0,0,0,0
"FRP75",0,0,0,1,1,1,0,0,0,0,0,0,0,1,0,0,0,0,0,0,0,0
"FRP76",0,0,0,1,1,1,1,1,0,1,1,1,1,0,0,0,0,0,0,0,0,0
"FRP77",0,0,0,1,1,1,0,0,0,0,0,0,0,0,0,0,0,0,0,0,0,0
"FRP78",0,0,0,1,1,1,1,1,1,1,1,0,1,0,0,0,0,0,0,0,0,0
"FRP79",0,0,0,1,1,1,0,1,0,1,1,0,0,0,0,0,0,0,0,0,0,0
"FRP80",0,0,0,1,1,1,1,0,0,0,0,0,0,0,0,0,0,0,0,0,0,0
"FRP802",0,0,0,0,0,0,0,0,0,0,0,0,0,0,0,0,0,1,1,1,1,0
"FRP803",0,0,0,0,0,0,0,0,0,0,0,0,0,0,0,0,1,1,1,1,1,1
"FRP804",0,0,0,0,0,0,0,0,0,0,0,0,0,0,0,0,0,1,1,1,1,1
"FRP805",0,0,0,0,0,0,0,0,0,0,0,0,0,0,0,0,1,1,1,1,0,0
"FRP806",0,0,0,0,0,0,0,0,0,0,0,0,0,0,0,0,1,1,1,1,1,0
"FRP807",0,0,0,0,0,0,0,0,0,0,0,0,0,0,0,0,1,1,1,1,1,1
"FRP808",0,0,0,0,0,0,0,0,0,0,0,0,0,0,0,0,1,1,1,0,0,0
"FRP809",0,0,0,0,0,0,0,0,0,0,0,0,0,0,0,0,1,1,1,1,1,1
"FRP810",0,0,0,0,0,0,0,0,0,0,0,0,0,0,0,0,1,1,1,1,1,1
"FRP811",0,0,0,0,0,0,0,0,0,0,0,0,0,0,0,0,1,1,1,0,0,0
"FRP812",0,0,0,0,0,0,0,0,0,0,0,0,0,0,0,0,1,1,1,1,1,1
"FRP813",0,0,0,0,0,0,0,0,0,0,0,0,0,0,0,0,0,1,1,1,1,1
"FRP82",0,0,0,0,1,1,1,1,0,0,0,0,0,0,0,0,0,0,0,0,0,0
"FRP820",0,0,0,0,0,0,0,0,0,0,0,0,0,0,0,0,0,1,1,1,0,1
"FRP822",0,0,0,0,0,0,0,0,0,0,0,0,0,0,0,0,1,1,1,1,1,1
"FRP825",0,0,0,0,0,0,0,0,0,0,0,0,0,0,0,0,0,1,1,1,1,1
"FRP83",0,0,0,1,1,1,1,0,1,1,1,1,1,1,1,1,1,1,1,1,1,1
"FRP84",0,0,0,1,1,1,1,1,1,1,1,1,1,1,1,0,0,0,0,0,0,0
"FRP842",0,0,0,0,0,0,0,0,0,0,0,0,0,0,0,0,0,1,1,1,1,1
"FRP843",0,0,0,0,0,0,0,0,0,0,0,0,0,0,0,0,0,1,0,0,0,0
"FRP844",0,0,0,0,0,0,0,0,0,0,0,0,0,0,0,0,0,1,1,1,1,1
"FRP845",0,0,0,0,0,0,0,0,0,0,0,0,0,0,0,0,0,1,1,1,1,1
"FRP848",0,0,0,0,0,0,0,0,0,0,0,0,0,0,0,0,0,1,1,1,1,1
"FRP849",0,0,0,0,0,0,0,0,0,0,0,0,0,0,0,0,0,1,1,1,1,1
"FRP85",0,0,0,1,1,1,1,1,1,1,1,1,1,1,1,1,1,1,1,1,1,1
"FRP850",0,0,0,0,0,0,0,0,0,0,0,0,0,0,0,0,0,1,1,0,0,0
"FRP851",0,0,0,0,0,0,0,0,0,0,0,0,0,0,0,0,0,1,1,1,1,0
"FRP86",0,0,0,0,1,1,0,0,0,0,0,0,0,0,0,0,0,0,0,0,0,0
"FRP867",0,0,0,0,0,0,0,0,0,0,0,0,0,0,0,0,0,1,1,1,1,1
"FRP869",0,0,0,0,0,0,0,0,0,0,0,0,0,0,0,0,0,1,0,0,0,0
"FRP87",0,0,0,0,1,1,1,1,1,1,1,1,1,1,1,1,1,1,1,1,1,0
"FRP88",0,0,0,0,1,1,1,1,1,1,1,0,0,0,0,0,0,0,0,0,0,0
"FRP89",0,0,0,0,1,1,1,0,0,0,0,0,0,0,0,0,0,0,0,0,0,0
"FRP896",0,0,0,0,0,0,0,0,0,0,0,0,0,0,0,0,0,1,1,1,1,1
"FRP897",0,0,0,0,0,0,0,0,0,0,0,0,0,0,0,0,0,1,1,1,1,1
"FRP898",0,0,0,0,0,0,0,0,0,0,0,1,1,1,1,1,1,1,1,1,1,1
"FRP9",0,1,0,0,0,0,0,0,0,0,0,0,0,0,0,0,0,0,0,0,0,0
"FRP90",0,0,0,0,1,1,1,1,1,1,1,1,1,1,1,1,1,1,1,1,1,1
"FRP907",0,0,0,0,0,0,0,0,0,0,0,0,0,0,0,0,0,0,1,1,1,1
"FRP91",0,0,0,0,1,1,1,1,0,0,0,0,0,0,0,0,0,0,0,0,0,0
"FRP910",0,0,0,0,0,0,0,0,0,0,0,0,0,0,0,0,0,0,1,1,0,0
"FRP914",0,0,0,0,0,0,0,0,0,0,0,0,0,0,0,0,0,0,1,1,1,1
"FRP915",0,0,0,0,0,0,0,0,0,0,0,0,0,0,0,0,0,1,1,1,1,1
"FRP919",0,0,0,0,0,0,0,0,0,0,0,0,0,0,0,0,0,0,1,1,1,1
"FRP92",0,0,0,0,1,1,1,1,1,0,0,0,1,0,0,0,0,0,0,0,0,0
"FRP920",0,0,0,0,0,0,0,0,0,0,0,0,0,0,0,0,0,0,1,1,1,1
"FRP926",0,0,0,0,0,0,0,0,0,0,0,0,0,0,0,0,0,1,0,1,1,1
"FRP93",0,0,0,0,1,1,1,0,0,0,0,0,0,0,0,0,0,0,0,0,0,0
"FRP930",0,0,0,0,0,0,0,0,0,0,0,0,0,0,0,0,0,0,1,1,1,1
"FRP94",0,0,0,0,1,1,1,1,1,1,1,1,0,0,0,0,0,0,0,0,0,0
"FRP941",0,0,0,0,0,0,0,0,0,0,0,0,0,0,0,0,0,0,0,1,1,1
"FRP944",0,0,0,0,0,0,0,0,0,0,0,0,0,0,0,0,0,0,0,1,0,1
"FRP947",0,0,0,0,0,0,0,0,0,0,0,0,0,0,0,0,0,0,0,1,1,1
"FRP948",0,0,0,0,0,0,0,0,0,0,0,0,0,0,0,0,0,0,0,1,1,1
"FRP95",0,0,0,0,1,1,1,1,1,1,0,0,0,0,0,0,0,0,0,0,0,0
"FRP951",0,0,0,0,0,0,0,0,0,0,0,0,0,0,0,0,0,0,0,1,1,1
"FRP953",0,0,0,0,0,0,0,0,0,0,0,0,0,0,0,0,0,0,0,1,1,1
"FRP954",0,0,0,0,0,0,0,0,0,0,0,0,0,0,0,0,0,0,0,1,1,1
"FRP955",0,0,0,0,0,0,0,0,0,0,0,0,0,0,0,0,0,0,0,1,1,1
"FRP956",0,0,0,0,0,0,0,0,0,0,0,0,0,0,0,0,0,0,0,1,1,1
"FRP958",0,0,0,0,0,0,0,0,0,0,0,0,0,0,0,0,0,0,0,1,1,1
"FRP959",0,0,0,0,0,0,0,0,0,0,0,0,0,0,0,0,0,0,0,1,0,0
"FRP96",0,0,0,0,1,1,1,1,1,1,1,1,1,0,0,0,0,0,0,0,0,0
"FRP960",0,0,0,0,0,0,0,0,0,0,0,0,0,0,0,0,0,0,0,1,0,0
"FRP97",0,0,0,0,1,1,1,0,0,0,1,1,1,1,1,1,1,1,1,1,1,1
"FRP971",0,0,0,0,0,0,0,0,0,0,0,0,0,0,0,0,0,0,0,1,1,1
"FRP972",0,0,0,0,0,0,0,0,0,0,0,0,0,0,0,0,0,0,0,1,1,1
"FRP973",0,0,0,0,0,0,0,0,0,0,0,0,0,0,0,0,0,0,0,1,1,1
"FRP974",0,0,0,0,0,0,0,0,0,0,0,0,0,0,0,0,0,0,0,1,1,1
"FRP975",0,0,0,0,0,0,0,0,0,0,0,0,0,0,0,0,0,0,0,1,1,1
"FRP98",0,0,0,0,1,1,1,1,1,0,0,0,0,0,0,0,0,0,0,0,0,0
"FRP983",0,0,0,0,0,0,0,0,0,0,0,0,0,0,0,0,0,0,0,1,0,0
"FRP99",0,0,0,0,1,1,1,1,0,0,0,0,0,0,0,0,0,0,0,0,0,0
"FRP992",0,0,0,0,0,0,0,0,0,0,0,0,0,0,0,0,0,0,0,0,1,1
"FRP993",0,0,0,0,0,0,0,0,0,0,0,0,0,0,0,0,0,0,0,0,1,1
"FRP994",0,0,0,0,0,0,0,0,0,0,0,0,0,0,0,0,0,0,0,0,1,1
"FRP995",0,0,0,0,0,0,0,0,0,0,0,0,0,0,0,0,0,0,0,0,0,1
"FRP996",0,0,0,0,0,0,0,0,0,0,0,0,0,0,0,0,0,0,0,0,1,1
"FRP998",0,0,0,0,0,0,0,0,0,0,0,0,0,0,0,0,0,0,0,0,1,1
"FRP999",0,0,0,0,0,0,0,0,0,0,0,0,0,0,0,0,0,0,0,0,1,1
"GBT10",1,1,1,1,1,1,1,1,1,1,1,1,1,1,1,1,1,1,1,1,1,1
"GBT115",1,1,1,0,0,1,1,1,1,1,1,1,1,1,1,1,0,0,0,0,0,0
"GBT117",1,1,1,1,1,1,1,1,1,1,1,1,1,1,1,1,1,1,1,1,1,1
"GBT118",1,1,1,1,1,0,0,0,0,0,0,0,0,0,0,0,0,0,0,0,0,0
"GBT123",1,1,1,0,0,0,0,0,0,0,0,0,0,0,0,0,0,0,0,0,0,0
"GBT13",1,1,1,1,1,1,1,1,1,1,1,1,1,1,1,1,1,1,1,1,1,1
"GBT135",1,1,1,0,0,1,1,0,0,0,0,0,0,0,0,0,0,0,0,0,0,0
"GBT143",1,1,1,1,1,0,0,0,0,0,0,0,0,0,0,0,0,0,0,0,0,0
"GBT148",1,1,1,1,1,1,1,1,1,0,0,0,0,0,0,0,0,0,0,0,0,0
"GBT150",1,1,1,1,1,1,1,1,1,1,1,1,0,1,1,1,1,1,1,1,1,1
"GBT152",1,1,1,1,1,1,1,1,1,1,1,1,1,1,1,1,1,1,1,1,0,0
"GBT153",1,1,1,0,0,0,0,0,0,0,0,0,0,0,0,0,0,0,0,0,0,0
"GBT154",1,1,1,1,1,1,1,1,1,1,1,1,1,1,1,1,1,1,1,1,1,1
"GBT162",1,1,1,0,1,1,0,0,0,0,0,0,0,0,0,0,0,0,0,0,0,0
"GBT177",1,0,0,0,0,0,0,0,0,0,0,0,0,0,0,0,0,0,0,0,0,0
"GBT182",1,1,1,1,0,0,0,0,0,0,0,0,0,0,0,0,0,0,0,0,0,0
"GBT215",1,1,1,1,1,1,1,1,1,0,0,0,0,0,0,0,0,0,0,0,0,0
"GBT221",1,1,1,1,0,0,0,0,0,0,0,0,0,0,0,0,0,0,0,0,0,0
"GBT223",1,1,1,1,0,1,1,1,1,1,1,1,1,1,1,1,1,1,1,1,1,1
"GBT226",1,1,1,1,1,1,1,1,1,0,0,0,0,0,0,0,0,0,0,0,0,0
"GBT229",1,1,1,1,1,1,1,1,1,1,1,1,1,1,1,1,1,1,1,1,1,1
"GBT232",1,1,1,1,1,1,1,1,1,1,1,1,1,1,1,1,1,1,1,1,1,1
"GBT241",1,1,1,1,1,1,1,1,1,1,0,0,0,0,0,0,0,0,0,0,0,0
"GBT243",1,1,1,0,0,0,0,0,0,0,0,0,0,0,0,0,0,0,0,0,0,0
"GBT244",1,1,0,0,0,0,0,0,0,0,0,0,0,0,0,0,0,0,0,0,0,0
"GBT251",1,1,1,1,1,1,1,1,1,1,1,1,1,1,1,1,1,1,1,1,1,1
"GBT253",1,1,1,1,1,1,1,1,1,1,1,1,1,1,1,1,1,1,1,1,1,1
"GBT255",1,1,1,1,0,0,0,0,0,0,0,0,0,0,0,0,0,0,0,0,0,0
"GBT266",1,1,0,1,0,0,0,0,0,0,0,0,0,0,0,0,0,0,0,0,0,0
"GBT271",1,1,0,0,0,0,0,0,0,0,0,0,0,0,0,0,0,0,0,0,0,0
"GBT273",1,1,1,1,1,1,1,1,1,1,1,1,1,1,1,1,0,0,0,0,0,0
"GBT276",1,1,1,1,0,1,1,1,1,1,1,1,1,1,1,1,0,0,0,0,0,0
"GBT277",1,1,1,1,1,0,0,0,0,0,0,0,0,0,0,0,0,0,0,0,0,0
"GBT278",1,1,0,0,0,0,0,0,0,0,0,0,0,0,0,0,0,0,0,0,0,0
"GBT279",1,1,1,1,1,1,1,1,1,1,1,1,1,1,1,1,1,1,1,1,1,1
"GBT292",1,0,0,0,0,0,0,0,0,0,0,0,0,0,0,0,0,0,0,0,0,0
"GBT295",1,1,1,1,1,1,1,1,1,1,1,1,1,1,1,1,1,1,1,1,1,1
"GBT296",1,1,1,1,1,1,1,1,1,0,0,0,0,0,0,0,0,0,0,0,0,0
"GBT300",1,1,0,0,0,0,0,0,0,0,0,0,0,0,0,0,0,0,0,0,0,0
"GBT301",1,1,0,0,0,0,0,0,0,0,0,0,0,0,0,0,0,0,0,0,0,0
"GBT303",1,1,1,1,1,1,1,1,1,1,1,1,1,0,0,0,0,0,0,0,0,0
"GBT307",1,1,0,0,0,0,0,0,0,0,0,0,0,0,0,0,0,0,0,0,0,0
"GBT308",1,0,0,0,0,0,0,0,0,0,0,0,0,0,0,0,0,0,0,0,0,0
"GBT309",1,1,1,1,1,0,1,1,1,1,1,1,1,1,1,1,1,1,1,1,0,0
"GBT310",1,1,1,0,0,0,0,0,0,0,0,0,0,0,0,0,0,0,0,0,0,0
"GBT313",1,1,1,1,1,1,1,0,0,0,0,0,0,0,0,0,0,0,0,0,0,0
"GBT317",1,1,1,1,1,1,1,1,1,1,0,0,0,0,0,0,0,0,0,0,0,0
"GBT321",1,1,1,1,1,1,1,0,0,0,0,0,0,0,0,0,0,0,0,0,0,0
"GBT322",1,1,1,1,1,1,1,1,1,1,1,1,1,1,1,1,1,1,1,1,1,1
"GBT323",1,1,1,1,1,1,0,0,0,0,0,0,0,0,0,0,0,0,0,0,0,0
"GBT324",1,1,1,0,1,1,1,1,1,1,1,0,0,0,0,0,0,0,0,0,0,0
"GBT326",1,1,1,1,1,1,1,1,1,1,1,1,1,1,1,1,1,1,0,0,0,0
"GBT328",1,1,1,1,1,1,1,0,0,0,0,0,0,0,0,0,0,0,0,0,0,0
"GBT330",1,1,1,1,1,1,1,1,1,1,1,1,1,1,0,0,0,0,0,0,0,0
"GBT331",1,1,1,1,1,1,1,1,1,1,1,1,1,1,1,1,1,1,1,1,1,1
"GBT333",1,1,1,0,0,0,0,0,0,0,0,0,0,0,0,0,0,0,0,0,0,0
"GBT335",1,1,1,1,1,1,1,1,1,1,1,1,1,1,1,1,1,1,1,1,1,1
"GBT336",1,1,1,0,0,0,0,0,0,0,0,0,0,0,0,0,0,0,0,0,0,0
"GBT337",1,1,1,1,1,1,1,1,1,1,1,1,0,0,0,0,0,0,0,0,0,0
"GBT339",1,1,1,0,1,1,1,1,1,1,1,1,1,1,1,1,1,1,1,1,1,1
"GBT34",1,1,1,1,1,1,1,1,1,1,1,1,1,1,1,1,0,0,0,0,0,0
"GBT340",1,0,0,0,0,0,0,0,0,0,0,0,0,0,0,0,0,0,0,0,0,0
"GBT341",1,1,1,0,0,0,0,0,0,0,0,0,0,0,0,0,0,0,0,0,0,0
"GBT342",1,1,1,1,1,0,0,0,0,0,0,0,0,0,0,0,0,0,0,0,0,0
"GBT344",1,1,1,1,0,0,0,0,0,0,0,0,0,0,0,0,0,0,0,0,0,0
"GBT346",1,1,0,0,0,0,0,0,0,0,0,0,0,0,0,0,0,0,0,0,0,0
"GBT347",1,0,0,0,0,0,0,0,0,0,0,0,0,0,0,0,0,0,0,0,0,0
"GBT348",1,1,1,1,1,1,0,0,0,0,0,0,0,0,0,0,0,0,0,0,0,0
"GBT349",1,1,1,1,1,0,0,0,0,0,0,0,0,0,0,0,0,0,0,0,0,0
"GBT351",1,1,1,1,1,1,1,1,1,1,1,1,1,1,1,0,0,0,0,0,0,0
"GBT352",1,1,1,0,1,1,1,1,1,1,1,1,1,1,1,1,1,1,1,1,1,1
"GBT353",1,1,0,0,0,0,0,0,0,0,0,0,0,0,0,0,0,0,0,0,0,0
"GBT354",1,1,1,1,1,1,1,1,1,1,1,1,1,1,1,1,1,1,1,1,0,0
"GBT355",1,1,0,0,0,0,0,0,0,0,0,0,0,0,0,0,0,0,0,0,0,0
"GBT356",0,0,1,0,0,0,0,0,0,0,0,0,0,0,0,0,0,0,0,0,0,0
"GBT357",1,1,1,1,1,1,0,0,0,0,0,0,0,0,0,0,0,0,0,0,0,0
"GBT358",1,1,1,1,1,0,0,0,0,0,0,0,0,0,0,0,0,0,0,0,0,0
"GBT359",1,1,1,1,0,0,0,0,0,0,0,0,0,0,0,0,0,0,0,0,0,0
"GBT360",1,1,1,1,1,1,1,1,1,1,1,1,1,0,0,0,0,0,0,0,0,0
"GBT362",1,1,1,0,0,0,0,0,0,0,0,0,0,0,0,0,0,0,0,0,0,0
"GBT363",1,1,1,0,0,0,0,0,0,0,0,0,0,0,0,0,0,0,0,0,0,0
"GBT365",1,0,0,0,0,0,0,0,0,0,0,0,0,0,0,0,0,0,0,0,0,0
"GBT366",1,1,1,1,0,0,0,0,0,0,0,0,0,0,0,0,0,0,0,0,0,0
"GBT367",1,1,1,0,0,0,0,0,0,0,0,0,0,0,0,0,0,0,0,0,0,0
"GBT369",1,1,1,1,1,0,0,0,0,0,0,0,0,0,0,0,0,0,0,0,0,0
"GBT370",1,1,1,0,0,0,0,0,0,0,0,0,0,0,0,0,0,0,0,0,0,0
"GBT371",1,1,1,1,1,1,0,0,0,0,0,0,0,0,0,0,0,0,0,0,0,0
"GBT372",1,1,1,0,0,0,0,0,0,0,0,0,0,0,0,0,0,0,0,0,0,0
"GBT373",1,1,1,0,0,0,0,0,0,0,0,0,0,0,0,0,0,0,0,0,0,0
"GBT374",1,1,1,1,1,1,1,1,1,0,0,0,0,0,0,0,0,0,0,0,0,0
"GBT375",1,1,1,0,0,0,0,0,0,0,0,0,0,0,0,0,0,0,0,0,0,0
"GBT376",1,1,1,0,1,0,0,0,0,0,0,0,0,0,0,0,0,0,0,0,0,0
"GBT377",1,1,0,1,1,1,1,1,0,0,0,0,0,0,0,0,0,0,0,0,0,0
"GBT378",1,1,1,1,1,1,0,1,1,1,1,1,1,1,1,1,1,1,1,1,1,0
"GBT380",1,1,1,0,0,0,0,0,0,0,0,0,0,0,0,0,0,0,0,0,0,0
"GBT381",1,1,1,1,1,1,1,1,1,1,1,0,0,0,0,0,0,0,0,0,0,0
"GBT382",1,1,1,0,0,0,0,0,0,0,0,0,0,0,0,0,0,0,0,0,0,0
"GBT383",1,1,1,1,1,1,1,1,1,1,1,1,1,1,0,0,0,0,0,0,0,0
"GBT384",1,1,1,1,1,1,0,0,0,0,0,0,0,0,0,0,0,0,0,0,0,0
"GBT385",1,1,1,1,1,1,1,0,0,0,0,0,0,0,0,0,0,0,0,0,0,0
"GBT386",1,1,1,1,1,1,0,0,0,0,0,0,0,0,0,0,0,0,0,0,0,0
"GBT387",1,0,0,0,0,0,0,0,0,0,0,0,0,0,0,0,0,0,0,0,0,0
"GBT388",1,1,1,1,1,1,1,0,0,0,0,0,0,0,0,0,0,0,0,0,0,0
"GBT389",1,1,1,0,1,1,1,1,1,1,1,1,1,1,1,1,1,1,1,1,1,1
"GBT390",1,1,1,1,0,0,0,0,0,0,0,0,0,0,0,0,0,0,0,0,0,0
"GBT391",1,1,1,1,1,1,1,1,0,0,0,0,0,0,0,0,0,0,0,0,0,0
"GBT392",1,1,1,1,1,1,1,1,1,1,0,0,0,0,0,0,0,0,0,0,0,0
"GBT393",1,1,1,1,1,1,1,0,0,0,0,0,0,0,0,0,0,0,0,0,0,0
"GBT394",1,1,1,0,1,1,1,0,1,0,0,0,0,0,0,0,0,0,0,0,0,0
"GBT395",1,1,1,1,1,1,1,1,1,1,1,1,1,1,1,1,1,1,1,1,1,1
"GBT396",1,1,1,1,1,1,1,1,0,0,0,0,0,0,0,0,0,0,0,0,0,0
"GBT397",1,1,0,0,0,0,0,0,0,0,0,0,0,0,0,0,0,0,0,0,0,0
"GBT398",1,1,1,0,0,0,0,0,0,0,0,0,0,0,0,0,0,0,0,0,0,0
"GBT399",1,1,1,1,0,0,0,0,0,0,0,0,0,0,0,0,0,0,0,0,0,0
"GBT400",1,1,1,0,1,1,1,1,0,0,0,0,0,0,0,0,0,0,0,0,0,0
"GBT401",1,1,1,1,1,1,1,1,1,1,1,1,1,1,1,1,1,1,1,1,1,1
"GBT402",1,1,1,0,0,0,0,0,0,0,0,0,0,0,0,0,0,0,0,0,0,0
"GBT403",1,1,1,1,1,1,1,1,1,1,1,0,0,0,0,0,0,0,0,0,0,0
"GBT404",0,1,1,0,0,1,1,0,0,0,0,0,0,0,0,0,0,0,0,0,0,0
"GBT405",0,1,1,1,1,1,1,1,1,1,1,1,1,1,1,0,1,0,0,0,0,0
"GBT406",0,1,1,1,1,1,1,1,1,1,1,1,1,1,0,0,0,0,0,0,0,0
"GBT407",0,1,1,1,1,1,1,1,1,1,1,1,1,1,1,1,1,1,1,0,0,0
"GBT408",0,1,1,1,1,1,1,1,1,1,1,1,1,1,1,1,1,1,0,0,0,0
"GBT409",0,1,1,0,0,0,0,0,0,0,0,0,0,0,0,0,0,0,0,0,0,0
"GBT410",0,1,1,0,0,0,0,0,0,0,0,0,0,0,0,0,0,0,0,0,0,0
"GBT411",0,1,1,0,1,1,1,1,1,1,1,1,1,1,1,1,1,1,1,1,1,1
"GBT412",0,1,1,0,0,0,0,0,0,0,0,0,0,0,0,0,0,0,0,0,0,0
"GBT413",0,1,1,0,0,0,0,0,0,0,0,0,0,0,0,0,0,0,0,0,0,0
"GBT414",0,1,1,1,1,1,1,1,1,1,1,1,1,1,1,1,1,1,1,1,1,1
"GBT417",1,1,1,1,1,1,1,1,1,1,1,0,0,0,0,0,0,0,0,0,0,0
"GBT42",1,0,0,0,0,0,0,0,0,0,0,0,0,0,0,0,0,0,0,0,0,0
"GBT420",1,1,1,1,1,1,1,1,1,1,1,1,1,1,1,1,1,1,1,1,1,1
"GBT427",1,1,0,0,0,0,0,0,0,0,0,0,0,0,0,0,0,0,0,0,0,0
"GBT434",1,1,1,1,1,1,1,1,0,0,0,0,0,0,0,0,0,0,0,0,0,0
"GBT438",0,1,1,0,1,1,0,0,0,0,0,0,0,0,0,0,0,0,0,0,0,0
"GBT441",1,1,1,0,0,0,0,0,0,0,0,0,0,0,0,0,0,0,0,0,0,0
"GBT442",1,1,1,0,0,0,0,0,0,0,0,0,0,0,0,0,0,0,0,0,0,0
"GBT444",1,1,1,1,1,1,1,1,1,1,1,1,1,1,1,1,1,1,1,1,1,1
"GBT447",0,1,1,1,1,1,1,1,1,1,1,1,1,1,1,1,0,1,1,1,1,1
"GBT463",1,1,1,1,1,1,1,1,1,1,1,1,1,1,1,1,1,1,1,1,1,1
"GBT499",1,1,1,0,1,1,1,1,1,1,1,1,1,1,1,0,0,0,0,0,0,0
"GBT54",1,1,1,0,0,0,0,0,0,0,0,0,0,0,0,0,0,0,0,0,0,0
"GBT601",0,0,1,0,1,1,1,1,1,1,1,1,1,1,1,1,0,1,1,0,0,0
"GBT625",1,1,1,1,1,1,1,1,0,0,0,0,0,0,0,0,0,0,0,0,0,0
"GBT627",0,0,1,0,0,0,0,0,0,0,0,0,0,0,0,0,0,0,0,0,0,0
"GBT633",0,0,0,1,1,1,1,0,0,0,0,0,0,0,0,0,0,0,0,0,0,0
"GBT656",1,1,1,1,1,1,1,1,0,0,0,0,0,0,0,0,0,0,0,0,0,0
"GBT700",0,0,1,1,1,1,1,0,0,0,0,0,0,0,0,0,0,0,0,0,0,0
"GBT701",0,0,1,1,1,1,1,1,1,1,0,0,0,0,0,0,0,0,0,0,0,0
"GBT702",0,0,1,1,1,1,0,0,0,0,0,0,0,0,0,0,0,0,0,0,0,0
"GBT703",0,0,1,1,1,1,1,1,1,1,1,1,1,0,0,0,0,0,0,0,0,0
"GBT704",0,0,1,1,1,0,0,0,0,0,0,0,0,0,0,0,0,0,0,0,0,0
"GBT705",0,0,1,1,1,1,1,0,0,0,0,0,0,0,0,0,0,0,0,0,0,0
"GBT706",0,0,1,1,1,1,1,1,1,1,1,1,1,1,1,1,1,0,0,0,0,0
"GBT707",0,0,1,1,0,0,0,0,0,0,0,0,0,0,0,0,0,0,0,0,0,0
"GBT708",0,0,1,1,1,1,1,1,0,0,0,0,0,0,0,0,0,0,0,0,0,0
"GBT709",0,0,1,1,0,0,0,0,0,0,0,0,0,0,0,0,0,0,0,0,0,0
"GBT710",0,0,1,1,1,1,1,1,1,1,1,0,0,0,0,0,0,0,0,0,0,0
"GBT711",0,1,1,1,1,0,0,0,0,0,0,0,0,0,0,0,0,0,0,0,0,0
"GBT712",0,0,1,1,1,1,1,1,1,1,1,1,1,1,1,1,1,1,1,1,1,1
"GBT713",0,0,1,1,1,0,1,1,1,1,0,0,0,0,0,0,0,0,0,0,0,0
"GBT714",0,0,1,1,1,1,0,0,0,0,0,0,0,0,0,0,0,0,0,0,0,0
"GBT715",0,0,0,1,1,0,0,0,0,0,0,0,0,0,0,0,0,0,0,0,0,0
"GBT716",0,0,1,1,0,1,1,1,1,1,1,1,1,1,1,1,1,1,0,0,0,0
"GBT717",0,0,1,1,1,0,0,0,0,0,0,0,0,0,0,0,0,0,0,0,0,0
"GBT718",0,0,1,1,0,0,1,1,1,1,1,1,1,0,1,1,1,1,1,1,0,0
"GBT719",0,0,0,1,1,1,1,0,0,0,0,0,0,0,0,0,0,0,0,0,0,0
"GBT720",0,0,0,1,1,1,1,1,1,1,1,1,0,0,0,0,0,0,0,0,0,0
"GBT721",0,0,0,1,1,1,1,0,0,0,0,0,0,0,0,0,0,0,0,0,0,0
"GBT722",0,0,0,1,1,0,0,0,0,0,0,0,0,0,0,0,0,0,0,0,0,0
"GBT723",0,0,0,1,1,1,1,1,0,0,0,0,0,0,0,0,0,0,0,0,0,0
"GBT724",0,0,0,1,0,0,1,0,0,0,0,0,0,0,0,0,0,0,0,0,0,0
"GBT725",0,0,0,1,1,0,0,0,0,0,0,0,0,0,0,0,0,0,0,0,0,0
"GBT726",0,0,0,1,1,1,0,0,0,0,0,0,0,0,0,0,0,0,0,0,0,0
"GBT727",0,0,1,1,1,1,1,0,0,0,0,0,0,0,0,0,0,0,0,0,0,0
"GBT728",0,0,0,1,1,1,1,1,1,1,1,1,1,1,1,1,1,1,1,1,1,1
"GBT729",0,0,0,0,0,1,1,1,1,1,1,0,0,0,0,0,0,0,0,0,0,0
"GBT730",0,0,0,0,1,1,1,0,0,0,0,0,0,0,0,0,0,0,0,0,0,0
"GBT731",0,0,0,0,1,1,1,1,0,0,0,0,0,0,0,0,0,0,0,0,0,0
"GBT732",0,0,0,0,1,1,1,1,1,1,1,1,1,1,1,1,1,1,1,1,0,1
"GBT733",0,0,0,0,1,1,1,1,1,1,1,1,1,1,1,1,1,1,1,1,1,1
"GBT735",0,0,0,0,1,1,1,1,1,1,1,1,1,0,1,1,1,1,1,1,1,0
"GBT736",0,0,0,0,1,1,1,1,1,0,0,0,0,0,0,0,0,0,0,0,0,0
"GBT737",0,0,0,0,1,1,1,1,1,1,1,1,1,1,1,1,1,1,1,1,1,1
"GBT738",0,0,0,0,0,1,1,1,1,1,1,1,1,1,1,1,1,1,1,1,1,1
"GBT739",0,0,0,0,0,1,1,1,0,0,0,0,0,0,0,0,0,0,0,0,0,0
"GBT740",0,0,0,0,0,1,1,1,1,1,1,1,0,0,0,0,0,0,0,0,0,0
"GBT741",0,0,0,0,0,1,1,1,1,1,1,1,1,1,1,1,1,0,0,0,0,0
"GBT742",0,0,0,0,0,1,1,1,1,1,1,1,1,1,0,0,0,0,0,0,0,0
"GBT743",0,0,0,0,0,1,1,1,1,0,0,0,0,0,0,0,0,0,0,0,0,0
"GBT744",0,0,0,0,0,1,1,1,1,1,1,1,1,0,0,0,0,0,0,0,0,0
"GBT745",0,0,0,0,0,1,1,1,1,1,1,1,0,0,0,0,0,0,0,0,0,0
"GBT746",0,0,0,0,0,1,1,1,1,1,0,0,0,0,0,0,0,0,0,0,0,0
"GBT747",0,0,0,0,0,0,1,1,0,1,1,0,0,0,0,0,0,0,0,0,0,0
"GBT748",0,0,0,0,0,1,1,1,1,1,1,0,0,0,0,0,0,0,0,0,0,0
"GBT749",0,0,0,0,0,0,1,1,1,1,1,1,1,0,0,0,0,0,0,0,0,0
"GBT750",0,0,0,0,0,0,1,1,1,1,1,1,1,1,0,0,0,0,0,0,0,0
"GBT751",0,0,0,0,0,0,1,1,1,1,1,1,1,1,1,1,1,1,1,1,0,0
"GBT752",0,0,0,0,0,0,1,1,1,1,1,1,1,1,1,1,1,1,1,1,1,1
"GBT753",0,0,0,0,0,0,1,1,1,1,1,1,1,1,1,1,1,1,0,0,0,0
"GBT754",0,0,0,0,0,0,1,1,1,1,1,1,1,1,1,1,1,1,1,1,1,1
"GBT755",0,0,0,0,0,0,1,1,0,0,0,0,0,0,0,0,0,0,0,0,0,0
"GBT756",0,0,0,0,0,0,1,1,1,1,1,0,0,0,0,0,0,0,0,0,0,0
"GBT757",0,0,0,0,0,0,0,1,1,1,1,1,1,1,0,0,0,0,0,0,0,0
"GBT758",0,0,0,0,0,0,0,1,1,1,1,1,1,1,0,0,0,0,0,0,0,0
"GBT760",0,0,0,0,0,0,0,1,1,1,0,0,0,0,0,0,0,0,0,0,0,0
"GBT761",0,0,0,0,0,0,0,1,1,1,1,1,0,0,0,0,0,0,0,0,0,0
"GBT762",0,0,0,0,0,0,0,1,1,1,1,1,1,1,1,1,1,0,0,0,0,0
"GBT763",0,0,0,0,0,0,0,1,1,1,1,0,0,0,0,0,0,0,0,0,0,0
"GBT764",0,0,0,0,0,0,0,1,1,0,0,0,0,0,0,0,0,0,0,0,0,0
"GBT765",0,0,0,0,0,0,0,1,0,1,0,0,0,0,0,0,0,0,0,0,0,0
"GBT766",0,0,0,0,0,0,0,1,1,1,1,1,1,0,0,0,0,0,0,0,0,0
"GBT767",0,0,0,0,0,0,0,1,1,1,1,1,1,1,1,1,1,1,1,1,0,0
"GBT768",0,0,0,0,0,0,0,0,1,0,0,0,0,0,0,0,0,0,0,0,0,0
"GBT769",0,0,0,0,0,0,0,0,1,1,1,1,1,0,0,0,0,0,0,0,0,0
"GBT770",0,0,0,0,0,0,0,0,1,1,1,1,1,1,1,1,1,1,1,1,1,1
"GBT771",0,0,0,0,0,0,0,0,1,1,1,1,1,1,1,1,1,1,1,1,1,1
"GBT772",0,0,0,0,0,0,0,0,1,1,1,1,0,0,0,0,0,0,0,0,0,0
"GBT773",0,0,0,0,0,0,0,0,1,1,1,1,1,1,1,1,1,1,1,1,1,1
"GBT774",0,0,0,0,0,0,0,0,0,1,1,1,1,1,1,1,1,1,1,0,0,0
"GBT775",0,0,0,0,0,0,0,0,1,1,1,1,1,1,0,0,0,0,0,0,0,0
"GBT776",0,0,0,0,0,0,0,0,1,1,1,0,0,0,0,0,0,0,0,0,0,0
"GBT777",0,0,0,0,0,0,0,0,0,1,1,0,0,0,0,0,0,0,0,0,0,0
"GBT778",0,0,0,0,0,0,0,0,0,1,1,1,1,1,1,1,1,1,1,0,0,0
"GBT779",0,0,0,0,0,0,0,0,0,1,1,1,1,1,1,1,1,1,1,1,1,1
"GBT780",0,0,0,0,0,0,0,0,0,1,1,1,1,1,1,1,1,1,1,1,1,1
"GBT781",0,0,0,0,0,0,0,0,0,1,1,1,1,1,1,1,0,1,1,0,1,0
"GBT782",0,0,0,0,0,0,0,0,0,1,1,1,0,0,0,0,0,0,0,0,0,0
"GBT783",0,0,0,0,0,0,0,0,0,1,1,1,1,1,1,1,1,1,1,1,1,1
"GBT784",0,0,0,0,0,0,0,0,0,1,1,1,1,1,1,1,1,1,1,1,1,1
"GBT785",0,0,0,0,0,0,0,0,1,1,1,1,1,1,1,1,1,1,1,1,1,1
"GBT786",0,0,0,0,0,0,0,0,0,1,1,1,1,0,0,0,0,0,0,0,0,0
"GBT787",0,0,0,0,0,0,0,1,1,1,1,1,1,1,1,1,1,1,1,1,1,1
"GBT788",0,0,0,0,0,0,0,0,0,1,1,1,1,1,0,0,0,0,0,0,0,0
"GBT789",0,0,0,0,0,0,0,0,0,1,1,1,1,1,1,0,0,0,0,0,0,0
"GBT790",0,0,0,0,0,0,0,0,0,0,1,0,0,0,0,0,0,0,0,0,0,0
"GBT791",0,0,0,0,0,0,0,0,0,0,1,1,1,0,0,0,0,0,0,0,0,0
"GBT792",0,0,0,0,0,0,0,0,0,0,1,1,1,1,0,0,0,0,0,0,0,0
"GBT793",0,0,0,0,0,0,0,0,0,0,1,1,1,1,1,1,1,1,1,1,1,1
"GBT795",0,0,0,0,0,0,0,0,0,1,1,0,0,0,0,0,0,0,0,0,0,0
"GBT796",0,0,0,0,0,0,0,0,0,1,1,1,1,1,1,1,1,1,1,0,1,1
"GBT797",0,0,0,0,0,0,0,0,0,0,1,1,1,0,0,0,0,0,0,0,0,0
"GBT798",0,0,0,0,0,0,0,0,0,0,1,1,1,1,1,1,1,1,1,1,1,1
"GBT800",0,0,0,0,0,0,0,0,0,0,0,1,1,1,0,0,0,0,0,0,0,0
"GBT801",0,0,0,0,0,0,0,0,0,0,1,1,0,1,1,1,1,1,1,1,1,1
"GBT802",0,0,0,0,0,0,0,0,0,0,1,1,1,1,1,1,1,1,1,1,1,1
"GBT803",0,0,0,0,0,0,0,0,0,0,1,1,1,1,0,0,0,0,0,0,0,0
"GBT804",0,0,0,0,0,0,0,0,0,0,1,0,1,1,1,1,1,0,0,0,0,0
"GBT805",0,0,0,0,0,0,0,0,0,0,0,1,1,1,1,1,1,1,0,1,0,0
"GBT806",0,0,0,0,0,0,0,0,0,0,0,1,1,1,0,0,0,0,0,0,0,0
"GBT807",0,0,0,0,0,0,0,0,0,0,0,1,1,1,1,1,1,1,1,1,1,0
"GBT808",0,0,0,0,0,0,0,0,0,0,0,1,1,1,1,1,1,1,1,0,0,0
"GBT809",0,0,0,0,0,0,0,0,0,0,0,1,0,0,0,0,0,0,0,0,0,0
"GBT810",0,0,0,0,0,0,0,0,0,0,0,1,0,0,0,0,0,0,0,0,0,0
"GBT812",0,0,0,0,0,0,0,0,0,0,0,1,1,1,1,1,1,1,1,1,1,1
"GBT813",0,0,0,0,0,0,0,0,0,0,0,1,1,1,1,0,0,0,0,0,0,0
"GBT817",0,0,0,0,0,0,0,0,0,0,0,1,1,1,1,1,1,1,1,1,1,1
"GBT82",1,1,0,0,0,0,0,0,0,0,0,0,0,0,0,0,0,0,0,0,0,0
"GBT820",0,0,0,0,0,0,0,0,0,0,0,0,1,1,1,0,0,0,0,0,0,0
"GBT821",0,0,0,0,0,0,0,0,0,0,0,0,1,1,1,1,1,0,0,0,0,0
"GBT822",0,0,0,0,0,0,0,0,0,0,0,0,1,1,1,0,1,1,1,1,1,1
"GBT824",0,0,0,0,0,0,0,0,0,0,0,0,1,1,1,1,1,1,1,1,1,1
"GBT826",0,0,0,0,0,0,0,0,0,0,0,0,1,1,1,1,1,1,1,1,1,1
"GBT827",0,0,0,0,0,0,0,0,0,0,0,0,1,1,1,1,0,0,0,0,0,0
"GBT828",0,0,0,0,0,0,0,0,0,0,0,0,1,1,1,1,0,0,0,0,0,0
"GBT829",0,0,0,0,0,0,0,0,0,0,0,0,1,1,1,0,0,0,0,0,0,0
"GBT830",0,0,0,0,0,0,0,0,0,0,0,0,1,1,1,1,1,1,1,0,0,0
"GBT831",0,0,0,0,0,0,0,0,0,0,0,0,1,1,1,0,0,0,0,0,0,0
"GBT832",0,0,0,0,0,0,0,0,0,0,0,0,1,1,1,1,1,1,1,1,1,1
"GBT833",0,0,0,0,0,0,0,0,0,0,0,0,1,1,1,1,1,1,1,1,1,1
"GBT834",0,0,0,0,0,0,0,0,0,0,0,0,1,1,1,1,1,1,1,0,0,0
"GBT835",0,0,0,0,0,0,0,0,0,0,0,0,1,1,1,1,1,1,1,1,1,1
"GBT836",0,0,0,0,0,0,0,0,0,0,0,0,1,0,0,0,0,0,0,0,0,0
"GBT837",0,0,0,0,0,0,0,0,0,0,0,0,0,1,1,1,1,0,0,0,0,0
"GBT838",0,0,0,0,0,0,0,0,0,0,0,0,0,1,1,1,1,1,1,1,0,0
"GBT839",0,0,0,0,0,0,0,0,0,0,0,0,0,1,1,1,1,1,1,1,1,1
"GBT84",1,1,1,1,0,0,0,0,0,0,0,0,0,0,0,0,0,0,0,0,0,0
"GBT840",0,0,0,0,0,0,0,0,0,0,0,0,1,1,0,0,0,0,0,0,0,0
"GBT841",0,0,0,0,0,0,0,0,0,0,0,0,0,1,1,1,0,0,0,0,0,0
"GBT842",0,0,0,0,0,0,0,0,0,0,0,0,0,1,0,0,0,0,0,0,0,0
"GBT843",0,0,0,0,0,0,0,0,0,0,0,0,0,1,1,1,1,1,0,0,0,0
"GBT844",0,0,0,0,0,0,0,0,0,0,0,0,0,1,1,1,1,1,1,1,1,1
"GBT845",0,0,0,0,0,0,0,0,0,0,0,0,0,1,1,1,1,1,0,0,0,0
"GBT846",0,0,0,0,0,0,0,0,0,0,0,0,0,1,1,1,1,1,1,1,1,1
"GBT847",0,0,0,0,0,0,0,0,0,0,0,0,0,1,1,1,1,1,1,1,1,0
"GBT848",0,0,0,0,0,0,0,0,0,0,0,0,0,1,0,0,1,1,1,1,1,1
"GBT849",0,0,0,0,0,0,0,0,0,0,0,0,0,1,1,1,1,1,0,0,0,0
"GBT850",0,0,0,0,0,0,0,0,0,0,0,0,0,1,1,1,1,1,1,0,0,0
"GBT851",0,0,0,0,0,0,0,0,0,0,0,0,0,0,1,1,1,1,1,1,1,1
"GBT853",0,0,0,0,0,0,0,0,0,0,0,0,0,0,1,1,1,1,1,1,1,1
"GBT854",0,0,0,0,0,0,0,0,0,0,0,0,0,0,1,1,1,1,1,1,1,1
"GBT855",0,0,0,0,0,0,0,0,0,0,0,0,0,0,1,1,1,0,0,0,0,0
"GBT856",0,0,0,0,0,0,0,0,0,0,0,0,0,0,1,0,0,0,0,0,0,0
"GBT857",0,0,0,0,0,0,0,0,0,0,0,0,0,0,1,1,1,1,1,1,1,1
"GBT858",0,0,0,0,0,0,0,0,0,0,0,0,0,0,1,1,1,1,1,1,1,1
"GBT859",0,0,0,0,0,0,0,0,0,0,0,0,0,0,1,1,1,1,0,0,0,0
"GBT86",1,1,1,1,1,1,1,1,1,0,0,0,0,0,0,0,0,0,0,0,0,0
"GBT860",0,0,0,0,0,0,0,0,0,0,0,0,0,0,1,1,1,1,0,0,0,0
"GBT861",0,0,0,0,0,0,0,0,0,0,0,0,0,0,1,1,1,0,0,0,0,0
"GBT862",0,0,0,0,0,0,0,0,0,0,0,0,0,0,1,1,1,0,0,0,0,0
"GBT863",0,0,0,0,0,0,0,0,0,0,0,0,0,0,1,1,1,1,0,0,0,0
"GBT864",0,0,0,0,0,0,0,0,0,0,0,0,0,0,1,1,1,1,0,0,0,0
"GBT865",0,0,0,0,0,0,0,0,0,0,0,0,0,0,1,1,1,1,0,0,0,0
"GBT867",0,0,0,0,0,0,0,0,0,0,0,0,0,0,1,1,0,0,0,0,0,0
"GBT868",0,0,0,0,0,0,0,0,0,0,0,0,0,0,1,1,1,1,1,1,1,1
"GBT869",0,0,0,0,0,0,0,0,0,0,0,0,0,0,1,1,1,0,0,0,0,0
"GBT870",0,0,0,0,0,0,0,0,0,0,0,0,0,0,0,1,1,1,1,1,1,1
"GBT871",0,0,0,0,0,0,0,0,0,0,0,0,0,0,0,1,1,1,1,1,1,1
"GBT872",0,0,0,0,0,0,0,0,0,0,0,0,0,0,0,1,1,1,1,1,1,1
"GBT873",0,0,0,0,0,0,0,0,0,0,0,0,0,0,0,1,1,0,0,0,0,0
"GBT875",0,0,0,0,0,0,0,0,0,0,0,0,0,0,0,1,0,0,0,0,0,0
"GBT876",0,0,0,0,0,0,0,0,0,0,0,0,0,0,0,1,0,0,0,0,0,0
"GBT877",0,0,0,0,0,0,0,0,0,0,0,0,0,0,0,0,1,1,1,1,1,1
"GBT878",0,0,0,0,0,0,0,0,0,0,0,0,0,0,0,0,1,1,1,1,1,1
"GBT880",0,0,0,0,0,0,0,0,0,0,0,0,0,0,0,1,1,1,1,1,1,1
"GBT881",0,0,0,0,0,0,0,0,0,0,0,0,0,0,0,0,1,1,1,1,1,1
"GBT882",0,0,0,0,0,0,0,0,0,0,0,0,0,0,0,0,1,1,1,1,1,1
"GBT883",0,0,0,0,0,0,0,0,0,0,0,0,0,0,0,0,1,1,1,1,1,0
"GBT884",0,0,0,0,0,0,0,0,0,0,0,0,0,0,0,0,1,1,1,1,1,0
"GBT885",0,0,0,0,0,0,0,0,0,0,0,0,0,0,0,0,1,1,1,1,1,1
"GBT886",0,0,0,0,0,0,0,0,0,0,0,0,0,0,0,0,1,1,1,1,1,0
"GBT888",0,0,0,0,0,0,0,0,0,0,0,0,0,0,0,0,1,1,1,0,0,0
"GBT889",0,0,0,0,0,0,0,0,0,0,0,0,0,0,0,0,1,1,1,1,1,1
"GBT890",0,0,0,0,0,0,0,0,0,0,0,0,0,0,0,0,1,1,1,1,1,1
"GBT892",0,0,0,0,0,0,0,0,0,0,0,0,0,0,0,0,1,1,1,1,0,0
"GBT893",0,0,0,0,0,0,0,0,0,0,0,0,0,0,0,0,1,0,0,0,0,0
"GBT894",0,0,0,0,0,0,0,0,0,0,0,0,0,0,0,0,1,1,1,0,0,0
"GBT895",0,0,0,0,0,0,0,0,0,0,0,0,0,0,0,0,1,1,1,1,1,1
"GBT896",0,0,0,0,0,0,0,0,0,0,0,0,0,0,0,0,1,1,1,1,1,1
"GBT897",0,0,0,0,0,0,0,0,0,0,0,0,0,0,0,0,1,0,0,0,0,0
"GBT898",0,0,0,0,0,0,0,0,0,0,0,0,0,0,0,0,1,1,1,1,1,1
"GBT899",0,0,0,0,0,0,0,0,0,0,0,0,0,0,0,0,0,1,1,1,1,1
"GBT900",0,0,0,0,0,0,0,0,0,0,0,0,0,0,0,0,0,1,1,1,1,1
"GBT901",0,0,0,0,0,0,0,0,0,0,0,0,0,0,0,0,0,1,1,1,1,1
"GBT902",0,0,0,0,0,0,0,0,0,0,0,0,0,0,0,0,1,1,1,0,0,0
"GBT903",0,0,0,0,0,0,0,0,0,0,0,0,0,0,0,0,0,1,1,1,1,1
"GBT904",0,0,0,0,0,0,0,0,0,0,0,0,0,0,0,0,0,1,1,1,1,1
"GBT906",0,0,0,0,0,0,0,0,0,0,0,0,0,0,0,0,0,1,1,1,1,1
"GBT907",0,0,0,0,0,0,0,0,0,0,0,0,0,0,0,0,0,0,1,1,1,1
"GBT908",0,0,0,0,0,0,0,0,0,0,0,0,0,0,0,0,0,1,0,0,0,0
"GBT909",0,0,0,0,0,0,0,0,0,0,0,0,0,0,0,0,0,1,0,0,0,0
"GBT910",0,0,0,0,0,0,0,0,0,0,0,0,0,0,0,0,0,1,1,1,1,1
"GBT911",0,0,0,0,0,0,0,0,0,0,0,0,0,0,0,0,0,1,1,0,0,0
"GBT912",0,0,0,0,0,0,0,0,0,0,0,0,0,0,0,0,0,0,1,1,1,1
"GBT913",0,0,0,0,0,0,0,0,0,0,0,0,0,0,0,0,0,1,0,0,0,0
"GBT914",0,0,0,0,0,0,0,0,0,0,0,0,0,0,0,0,0,0,1,0,0,0
"GBT916",0,0,0,0,0,0,0,0,0,0,0,0,0,0,0,0,0,1,1,1,1,0
"GBT917",0,0,0,0,0,0,0,0,0,0,0,0,0,0,0,0,0,0,1,1,1,1
"GBT918",0,0,0,0,0,0,0,0,0,0,0,0,0,0,0,0,0,0,1,1,1,1
"GBT919",0,0,0,0,0,0,0,0,0,0,0,0,0,0,0,0,0,0,1,0,0,0
"GBT920",0,0,0,0,0,0,0,0,0,0,0,0,0,0,0,0,0,0,1,1,1,1
"GBT921",0,0,0,0,0,0,0,0,0,0,0,0,0,0,0,0,0,0,1,1,1,1
"GBT922",0,0,0,0,0,0,0,0,0,0,0,0,0,0,0,0,0,0,1,1,1,1
"GBT923",0,0,0,0,0,0,0,0,0,0,0,0,0,0,0,0,0,0,1,1,1,1
"GBT924",0,0,0,0,0,0,0,0,0,0,0,0,0,0,0,0,0,0,1,0,0,0
"GBT925",0,0,0,0,0,0,0,0,0,0,0,0,0,0,0,0,0,0,0,1,0,0
"GBT927",0,0,0,0,0,0,0,0,0,0,0,0,0,0,0,0,0,0,1,1,1,1
"GBT928",0,0,0,0,0,0,0,0,0,0,0,0,0,0,0,0,0,0,1,1,1,1
"GBT929",0,0,0,0,0,0,0,0,0,0,0,0,0,0,0,0,0,0,0,1,1,1
"GBT930",0,0,0,0,0,0,0,0,0,0,0,0,0,0,0,0,0,0,1,1,1,1
"GBT931",0,0,0,0,0,0,0,0,0,0,0,0,0,0,0,0,0,0,1,1,1,1
"GBT932",0,0,0,0,0,0,0,0,0,0,0,0,0,0,0,0,0,0,1,1,1,1
"GBT933",0,0,0,0,0,0,0,0,0,0,0,0,0,0,0,0,0,0,1,1,1,1
"GBT934",0,0,0,0,0,0,0,0,0,0,0,0,0,0,0,0,0,0,0,1,1,1
"GBT935",0,0,0,0,0,0,0,0,0,0,0,0,0,0,0,0,0,1,1,1,1,1
"GBT936",0,0,0,0,0,0,0,0,0,0,0,0,0,0,0,0,0,0,0,1,0,0
"GBT937",0,0,0,0,0,0,0,0,0,0,0,0,0,0,0,0,0,0,0,1,1,0
"GBT938",0,0,0,0,0,0,0,0,0,0,0,0,0,0,0,0,0,0,0,1,1,1
"GBT939",0,0,0,0,0,0,0,0,0,0,0,0,0,0,0,0,0,0,0,1,1,1
"GBT940",0,0,0,0,0,0,0,0,0,0,0,0,0,0,0,0,0,0,0,1,1,1
"GBT941",0,0,0,0,0,0,0,0,0,0,0,0,0,0,0,0,0,0,0,1,1,1
"GBT942",0,0,0,0,0,0,0,0,0,0,0,0,0,0,0,0,0,0,0,1,1,1
"GBT943",0,0,0,0,0,0,0,0,0,0,0,0,0,0,0,0,0,0,0,1,1,1
"GBT944",0,0,0,0,0,0,0,0,0,0,0,0,0,0,0,0,0,0,0,1,0,1
"GBT945",0,0,0,0,0,0,0,0,0,0,0,0,0,1,1,1,1,1,1,1,1,1
"GBT946",0,0,0,0,0,0,0,0,0,0,0,0,0,0,0,0,0,0,0,1,1,1
"GBT947",0,0,0,0,0,0,0,0,0,0,0,0,0,0,0,0,0,0,0,1,1,1
"GBT948",0,0,0,0,0,0,0,0,0,0,0,0,0,0,0,0,0,0,0,1,1,1
"GBT949",0,0,0,0,0,0,0,0,0,0,0,0,0,0,0,0,0,0,0,0,1,1
"GBT95",1,0,0,0,0,0,0,0,0,0,0,0,0,0,0,0,0,0,0,0,0,0
"GBT950",0,0,0,0,0,0,0,0,0,0,0,0,0,0,0,0,0,0,0,0,1,1
"GBT951",0,0,0,0,0,0,0,0,0,0,0,0,0,0,0,0,0,0,0,1,1,1
"GBT952",0,0,0,0,0,0,0,0,0,0,0,0,0,0,0,0,0,0,0,0,1,1
"GBT953",0,0,0,0,0,0,0,0,0,0,0,0,0,0,0,0,0,0,0,0,0,1
"GBT954",0,0,0,0,0,0,0,0,0,0,0,0,0,0,0,0,0,0,0,0,1,1
"GBT955",0,0,0,0,0,0,0,0,0,0,0,0,0,0,0,0,0,0,0,0,1,1
"GBT956",0,0,0,0,0,0,0,0,0,0,0,0,0,0,0,0,0,0,0,0,1,1
"GBT957",0,0,0,0,0,0,0,0,0,0,0,0,0,0,0,0,0,0,0,0,1,1
"GBT959",0,0,0,0,0,0,0,0,0,0,0,0,0,0,0,0,0,0,0,0,0,1
"GBT960",0,0,0,0,0,0,0,0,0,0,0,0,0,0,0,0,0,0,0,0,1,1
"GBT961",0,0,0,0,0,0,0,0,0,0,0,0,0,0,0,0,0,0,0,0,0,1
"GBT962",0,0,0,0,0,0,0,0,0,0,0,0,0,0,0,0,0,0,0,0,0,1
"GBT963",0,0,0,0,0,0,0,0,0,0,0,0,0,0,0,0,0,0,0,0,0,1
"GBT964",0,0,0,0,0,0,0,0,0,0,0,0,0,0,0,0,0,0,0,0,0,1
"HESHES394",0,0,0,0,0,0,0,0,0,0,0,0,0,0,0,1,1,1,1,0,0,0
"HGB1",0,0,0,0,0,0,1,1,1,1,1,1,1,1,1,1,1,1,0,0,0,0
"HGB10",0,0,0,0,0,0,0,1,1,1,1,1,1,1,1,1,1,1,1,0,0,0
"HGB11",0,0,0,0,0,0,1,1,1,1,1,1,1,1,1,1,1,1,1,1,1,1
"HGB12",0,0,0,0,0,0,1,1,1,1,1,1,1,1,1,1,1,1,1,1,1,1
"HGB13A",0,0,0,0,0,0,1,1,1,1,0,0,0,0,0,0,0,0,0,0,0,0
"HGB13B",0,0,0,0,0,0,0,0,0,0,1,1,1,1,1,1,1,1,1,1,1,1
"HGB14",0,0,0,0,0,0,0,1,1,1,1,1,1,1,1,1,1,1,0,0,0,0
"HGB15",0,0,0,0,0,0,0,1,1,1,1,1,1,1,1,1,1,1,1,1,1,1
"HGB16A",0,0,0,0,0,0,0,1,1,1,1,0,0,0,0,0,0,0,0,0,0,0
"HGB16B",0,0,0,0,0,0,0,0,0,0,0,1,1,1,1,1,1,1,1,1,1,1
"HGB17",0,0,0,0,0,0,0,1,1,1,1,1,1,1,0,0,0,0,0,0,0,0
"HGB18",0,0,0,0,0,0,0,0,1,1,1,1,1,1,1,1,1,1,1,1,1,1
"HGB19",0,0,0,0,0,0,0,0,1,1,1,1,1,1,1,1,1,1,1,1,1,1
"HGB2",0,0,0,0,0,0,1,1,1,1,1,1,1,1,1,1,1,1,1,1,1,1
"HGB20",0,0,0,0,0,0,0,0,1,1,1,1,1,1,1,1,1,1,1,1,1,0
"HGB21",0,0,0,0,0,0,0,0,1,1,1,1,1,1,1,1,1,1,1,1,1,1
"HGB22",0,0,0,0,0,0,0,0,1,1,1,1,1,0,1,0,0,0,0,0,0,0
"HGB23",0,0,0,0,0,0,0,0,0,1,1,1,1,1,1,1,1,1,1,1,1,1
"HGB24A",0,0,0,0,0,0,0,0,0,1,1,1,1,1,1,1,0,0,0,0,0,0
"HGB24B",0,0,0,0,0,0,0,0,0,0,0,0,0,0,0,0,1,1,1,1,1,1
"HGB25",0,0,0,0,0,0,0,0,0,1,1,1,1,1,1,1,1,1,1,1,1,1
"HGB26A",0,0,0,0,0,0,0,0,0,0,1,1,1,1,0,0,0,0,0,0,0,0
"HGB26B",0,0,0,0,0,0,0,0,0,0,0,0,0,0,1,1,1,1,0,0,0,0
"HGB27",0,0,0,0,0,0,0,0,0,0,1,1,1,1,1,1,1,1,1,1,1,1
"HGB28A",0,0,0,0,0,0,0,0,0,0,0,1,1,1,1,1,1,1,1,1,0,0
"HGB28B",0,0,0,0,0,0,0,0,0,0,0,0,0,0,0,0,0,0,0,0,1,1
"HGB29",0,0,0,0,0,0,0,0,0,0,0,1,1,1,1,1,1,1,1,1,1,0
"HGB30",0,0,0,0,0,0,0,0,0,0,0,0,1,1,1,1,1,1,1,1,1,1
"HGB31A",0,0,0,0,0,0,0,0,0,0,0,0,1,1,1,1,1,1,1,1,1,1
"HGB32",0,0,0,0,0,0,0,0,0,0,0,0,1,1,1,1,1,1,1,1,1,1
"HGB33",0,0,0,0,0,0,0,0,0,0,0,0,1,1,1,1,1,1,1,1,1,1
"HGB34",0,0,0,0,0,0,0,0,0,0,0,0,0,1,1,1,1,1,1,1,0,0
"HGB35",0,0,0,0,0,0,0,0,0,0,0,0,0,1,1,1,1,1,0,0,0,0
"HGB36",0,0,0,0,0,0,0,0,0,0,0,0,0,1,1,1,1,1,1,1,1,1
"HGB37",0,0,0,0,0,0,0,0,0,0,0,0,0,0,0,0,1,1,1,1,1,1
"HGB38",0,0,0,0,0,0,0,0,0,0,0,0,0,0,0,0,0,0,1,1,1,1
"HGB39",0,0,0,0,0,0,0,0,0,0,0,0,0,0,0,0,0,0,0,1,1,1
"HGB3A",0,0,0,0,0,0,1,1,1,1,0,0,0,0,0,0,0,0,0,0,0,0
"HGB3B",0,0,0,0,0,0,0,0,0,0,1,1,1,1,1,1,1,0,0,0,0,0
"HGB3C",0,0,0,0,0,0,0,0,0,0,0,0,0,0,0,0,0,1,1,1,1,1
"HGB4",0,0,0,0,0,0,1,1,1,1,1,1,1,1,1,1,1,1,1,1,1,1
"HGB40",0,0,0,0,0,0,0,0,0,0,0,0,0,0,0,0,0,0,0,0,1,1
"HGB41",0,0,0,0,0,0,0,0,0,0,0,0,0,0,0,0,0,0,0,0,1,1
"HGB42",0,0,0,0,0,0,0,0,0,0,0,0,0,0,0,0,0,0,0,0,1,1
"HGB43",0,0,0,0,0,0,0,0,0,0,0,0,0,0,0,0,0,0,0,0,1,1
"HGB44",0,0,0,0,0,0,0,0,0,0,0,0,0,0,0,0,0,0,0,0,0,1
"HGB5",0,0,0,0,0,0,1,1,1,1,1,1,1,1,1,1,1,1,1,1,1,1
"HGB6",0,0,0,0,0,0,1,1,1,1,1,1,1,1,1,0,0,0,0,0,0,0
"HGB7",0,0,0,0,0,0,1,1,1,1,1,1,1,1,1,1,1,1,1,1,1,1
"HGB8A",0,0,0,0,0,0,1,1,1,1,1,0,0,0,0,0,0,0,0,0,0,0
"HGB8B",0,0,0,0,0,0,0,0,0,0,0,1,1,1,0,0,0,0,0,0,0,0
"HGB8C",0,0,0,0,0,0,0,0,0,0,0,0,0,0,1,1,1,1,1,1,1,1
"HGB9",0,0,0,0,0,0,1,1,1,1,1,1,1,1,1,1,1,1,1,0,0,0
"HRZHR0501",0,0,0,0,0,0,0,0,0,0,0,0,0,0,0,0,0,0,0,1,1,0
"IAB100",0,0,0,0,0,0,0,0,0,0,0,0,0,0,0,0,0,1,1,1,0,0
"IAB10012",0,0,0,0,0,0,0,0,0,0,0,0,0,0,0,0,0,1,1,1,1,1
"IAB11326",0,0,0,0,0,0,0,0,0,0,0,0,0,0,0,0,0,1,1,1,0,0
"IAB11486",0,0,0,0,0,0,0,0,0,0,0,0,0,0,0,0,0,1,0,0,0,0
"IAB11670",0,0,0,0,0,0,0,0,0,0,0,0,0,0,0,0,0,1,1,1,1,1
"IAB11757",0,0,0,0,0,0,0,0,0,0,0,0,0,0,0,0,0,1,1,1,1,1
"IAB12113",0,0,0,0,0,0,0,0,0,0,0,0,0,0,0,0,0,1,1,1,0,0
"IAB12213",0,0,0,0,0,0,0,0,0,0,0,0,0,0,0,0,0,0,0,0,1,0
"IAB12477",0,0,0,0,0,0,0,0,0,0,0,0,0,0,0,0,0,1,1,1,1,1
"IAB13070",0,0,0,0,0,0,0,0,0,0,0,0,0,0,0,0,0,1,0,0,0,0
"IAB14767",0,0,0,0,0,0,0,0,0,0,0,0,0,0,0,0,0,1,1,1,1,1
"IAB1630",0,0,0,0,0,0,0,0,0,0,0,0,0,0,0,0,0,1,1,1,1,1
"IAB16823",0,0,0,0,0,0,0,0,0,0,0,0,0,0,0,0,0,1,1,1,0,0
"IAB17192",0,0,0,0,0,0,0,0,0,0,0,0,0,0,0,0,0,0,0,0,0,1
"IAB17751",0,0,0,0,0,0,0,0,0,0,0,0,0,0,0,0,0,1,1,1,1,1
"IAB19185",0,0,0,0,0,0,0,0,0,0,0,0,0,0,0,0,0,1,1,1,1,1
"IAB1925",0,0,0,0,0,0,0,0,0,0,0,0,0,0,0,0,0,1,1,1,1,1
"IAB21063",0,0,0,0,0,0,0,0,0,0,0,0,0,0,0,0,0,1,1,1,0,0
"IAB21412",0,0,0,0,0,0,0,0,0,0,0,0,0,0,0,0,0,1,1,1,0,0
"IAB22306",0,0,0,0,0,0,0,0,0,0,0,0,0,0,0,0,0,1,1,1,1,1
"IAB22936",0,0,0,0,0,0,0,0,0,0,0,0,0,0,0,0,0,0,0,0,1,1
"IAB23516",0,0,0,0,0,0,0,0,0,0,0,0,0,0,0,0,0,1,1,1,1,0
"IAB23841",0,0,0,0,0,0,0,0,0,0,0,0,0,0,0,0,0,1,1,1,1,0
"IAB24698",0,0,0,0,0,0,0,0,0,0,0,0,0,0,0,0,0,1,0,0,0,0
"IAB2853",0,0,0,0,0,0,0,0,0,0,0,0,0,0,0,0,0,1,1,1,1,1
"IAB29256",0,0,0,0,0,0,0,0,0,0,0,0,0,0,0,0,0,1,0,0,0,0
"IAB29434",0,0,0,0,0,0,0,0,0,0,0,0,0,0,0,0,0,0,0,1,0,0
"IAB30761",0,0,0,0,0,0,0,0,0,0,0,0,0,0,0,0,0,1,1,1,1,0
"IAB31813",0,0,0,0,0,0,0,0,0,0,0,0,0,0,0,0,0,1,1,1,1,1
"IAB33940",0,0,0,0,0,0,0,0,0,0,0,0,0,0,0,0,0,1,1,1,1,1
"IAB3651",0,0,0,0,0,0,0,0,0,0,0,0,0,0,0,0,0,0,0,1,1,1
"IAB38115",0,0,0,0,0,0,0,0,0,0,0,0,0,0,0,0,0,1,1,1,0,0
"IAB3964",0,0,0,0,0,0,0,0,0,0,0,0,0,0,0,0,0,1,1,1,1,1
"IAB41462",0,0,0,0,0,0,0,0,0,0,0,0,0,0,0,0,0,1,1,1,1,1
"IAB42470",0,0,0,0,0,0,0,0,0,0,0,0,0,0,0,0,0,0,0,0,1,1
"IAB428",0,0,0,0,0,0,0,0,0,0,0,0,0,0,0,0,0,1,1,1,1,1
"IAB42847",0,0,0,0,0,0,0,0,0,0,0,0,0,0,0,0,0,1,1,1,1,1
"IAB43911",0,0,0,0,0,0,0,0,0,0,0,0,0,0,0,0,0,1,1,1,1,1
"IAB44348",0,0,0,0,0,0,0,0,0,0,0,0,0,0,0,0,0,1,1,1,1,1
"IAB45972",0,0,0,0,0,0,0,0,0,0,0,0,0,0,0,0,0,1,0,1,0,1
"IAB46007",0,0,0,0,0,0,0,0,0,0,0,0,0,0,0,0,0,1,1,1,1,0
"IAB46950",0,0,0,0,0,0,0,0,0,0,0,0,0,0,0,0,0,0,1,1,1,0
"IAB4803",0,0,0,0,0,0,0,0,0,0,0,0,0,0,0,0,0,1,1,1,0,1
"IAB48735",0,0,0,0,0,0,0,0,0,0,0,0,0,0,0,0,0,1,1,0,1,1
"IAB4893",0,0,0,0,0,0,0,0,0,0,0,0,0,0,0,0,0,1,1,1,1,0
"IAB49193",0,0,0,0,0,0,0,0,0,0,0,0,0,0,0,0,0,1,0,1,1,1
"IAB50661",0,0,0,0,0,0,0,0,0,0,0,0,0,0,0,0,0,0,0,0,1,1
"IAB50811",0,0,0,0,0,0,0,0,0,0,0,0,0,0,0,0,0,0,0,0,0,1
"IAB5115",0,0,0,0,0,0,0,0,0,0,0,0,0,0,0,0,0,1,1,1,1,1
"IAB52377",0,0,0,0,0,0,0,0,0,0,0,0,0,0,0,0,0,1,1,1,1,0
"IAB52543",0,0,0,0,0,0,0,0,0,0,0,0,0,0,0,0,0,0,1,1,0,0
"IAB53231",0,0,0,0,0,0,0,0,0,0,0,0,0,0,0,0,0,1,1,0,0,0
"IAB54310",0,0,0,0,0,0,0,0,0,0,0,0,0,0,0,0,0,1,1,1,1,0
"IAB55759",0,0,0,0,0,0,0,0,0,0,0,0,0,0,0,0,0,1,1,0,0,0
"IAB55844",0,0,0,0,0,0,0,0,0,0,0,0,0,0,0,0,0,1,1,1,0,0
"IAB56403",0,0,0,0,0,0,0,0,0,0,0,0,0,0,0,0,0,1,1,0,0,0
"IAB56686",0,0,0,0,0,0,0,0,0,0,0,0,0,0,0,0,0,1,1,1,0,0
"IAB57501",0,0,0,0,0,0,0,0,0,0,0,0,0,0,0,0,0,1,1,1,1,1
"IAB58433",0,0,0,0,0,0,0,0,0,0,0,0,0,0,0,0,0,1,1,1,1,1
"IAB6344",0,0,0,0,0,0,0,0,0,0,0,0,0,0,0,0,0,0,0,1,1,1
"IAB6422",0,0,0,0,0,0,0,0,0,0,0,0,0,0,0,0,0,0,0,0,1,1
"IAB64226",0,0,0,0,0,0,0,0,0,0,0,0,0,0,0,0,0,0,1,1,1,1
"IAB65274",0,0,0,0,0,0,0,0,0,0,0,0,0,0,0,0,0,1,1,1,1,1
"IAB70528",0,0,0,0,0,0,0,0,0,0,0,0,0,0,0,0,0,0,1,1,1,1
"IAB7235",0,0,0,0,0,0,0,0,0,0,0,0,0,0,0,0,0,1,1,1,1,1
"IAB7416",0,0,0,0,0,0,0,0,0,0,0,0,0,0,0,0,0,1,1,1,1,1
"IAB76290",0,0,0,0,0,0,0,0,0,0,0,0,0,0,0,0,0,1,1,1,0,0
"IAB7871",0,0,0,0,0,0,0,0,0,0,0,0,0,0,0,0,0,0,0,0,1,1
"IAB7895",0,0,0,0,0,0,0,0,0,0,0,0,0,0,0,0,0,1,1,0,0,1
"IAB8533",0,0,0,0,0,0,0,0,0,0,0,0,0,0,0,0,0,1,0,0,0,0
"IAB90669",0,0,0,0,0,0,0,0,0,0,0,0,0,0,0,0,0,0,1,1,1,0
"IAB95799",0,0,0,0,0,0,0,0,0,0,0,0,0,0,0,0,0,0,1,1,1,1
"IAB96178",0,0,0,0,0,0,0,0,0,0,0,0,0,0,0,0,0,0,1,1,1,1
"NLAC01",1,1,1,1,1,1,1,1,1,1,1,1,1,1,1,1,1,1,1,1,1,1
"NLAC02",1,1,1,1,1,1,1,1,1,1,1,1,1,1,1,1,1,1,1,1,1,1
"NLAC03",1,1,1,1,1,1,1,1,1,1,1,1,1,1,1,1,1,1,1,1,1,1
"NLAC04",1,1,1,1,1,1,1,1,1,1,1,1,1,1,1,1,1,1,1,1,1,1
"NLAC05",1,1,1,0,0,0,0,0,0,0,0,0,0,0,0,0,0,0,0,0,0,0
"NLAC06",1,1,1,1,1,1,1,1,1,1,1,1,1,1,1,1,1,1,1,1,1,1
"NLAC07",1,1,1,1,1,1,1,1,1,1,1,1,0,0,0,0,0,0,0,0,0,0
"NLAC08",1,1,1,1,1,1,0,0,0,0,0,0,0,0,0,0,0,0,0,0,0,0
"NLAC09",1,1,1,1,1,1,1,1,1,1,1,1,1,1,1,1,1,1,1,1,1,1
"NLAC11",1,1,1,1,1,1,1,1,1,1,1,1,0,1,1,1,0,0,0,1,1,1
"NLAC12",1,0,0,1,1,0,0,0,0,0,0,0,0,0,0,0,0,0,0,0,0,0
"NLAC13",1,1,1,1,1,1,1,1,1,1,1,1,1,1,1,1,1,1,1,1,1,1
"NLAC14",1,1,1,1,0,0,0,0,0,0,0,0,0,0,0,0,0,0,0,0,0,0
"NLAC16",1,1,1,1,1,0,0,0,0,0,0,0,0,0,0,0,0,0,0,0,0,0
"NLAC17",1,1,1,1,1,0,0,0,0,0,0,0,0,0,0,1,1,1,1,1,1,1
"NLAC18",1,1,1,1,1,1,1,1,1,1,1,1,1,1,0,1,0,1,0,0,0,0
"NLAC19",1,1,1,0,1,1,1,1,1,1,1,1,1,1,1,1,1,1,1,1,1,1
"NLAC20",1,1,0,1,1,1,1,1,1,1,1,0,1,1,1,1,1,1,1,1,1,1
"NLAC21",1,1,1,1,1,1,0,0,0,0,0,0,0,0,0,0,0,0,0,0,0,0
"NLAC22",1,1,1,1,1,1,1,1,1,1,1,1,1,1,1,1,1,1,1,1,1,1
"NLAC23",1,1,1,1,1,0,0,0,0,0,0,0,0,0,0,0,0,0,0,0,0,0
"NLAC24",1,1,1,1,1,1,1,1,1,1,1,1,1,1,1,1,1,1,1,1,1,1
"NLAC25",1,1,1,1,1,1,1,1,1,1,1,1,1,1,1,1,1,1,0,0,1,1
"NLAC26",1,1,1,0,1,0,0,0,0,0,0,1,0,0,0,0,0,0,0,0,0,0
"NLAC27",0,0,0,1,1,1,1,1,1,1,1,1,1,1,1,1,1,1,1,1,1,1
"NLAC28",1,1,1,0,0,0,0,0,0,0,0,0,0,0,0,0,0,0,0,0,0,0
"NLAC30",0,1,1,1,1,1,1,1,1,1,1,1,1,1,1,1,1,1,1,1,1,1
"NLAC31",0,0,1,1,1,1,1,1,1,1,1,1,1,1,1,1,1,1,0,0,0,1
"NLAC32",1,1,1,1,1,1,1,1,1,1,1,1,1,1,1,0,0,0,0,0,0,0
"NLAC35",1,0,0,0,0,0,0,0,0,0,0,0,0,0,0,0,0,0,0,0,0,0
"NLAC36",0,1,1,1,1,1,1,1,1,0,0,0,1,1,1,1,1,1,1,1,0,0
"NLAC37",1,1,1,1,1,1,1,1,1,1,1,1,1,1,1,1,1,1,0,0,0,0
"NLAC38",1,1,1,1,1,1,1,1,1,1,1,1,1,1,0,1,0,1,0,0,0,0
"NLAC39",1,1,0,0,0,0,0,0,0,0,0,0,0,0,0,0,0,0,0,0,0,0
"NLAC40",1,1,1,1,0,0,0,0,0,0,0,0,0,0,0,0,0,0,0,0,0,0
"NLAC41",1,1,1,1,1,0,0,0,0,0,0,0,0,0,0,0,0,0,0,0,0,0
"NLAC42",1,0,0,0,0,0,0,0,0,0,0,0,0,0,0,0,0,0,0,0,0,0
"NLAC43",1,1,1,1,1,1,1,1,1,1,1,1,1,1,1,1,1,1,1,1,1,1
"NLAC44",1,1,1,1,1,1,1,1,1,1,0,0,0,0,0,0,0,0,0,0,0,0
"NLAC45",1,1,1,1,1,1,1,1,0,0,0,0,0,0,0,0,0,0,0,0,0,0
"NLAC46",0,1,1,1,1,1,1,1,1,1,1,1,1,1,0,0,1,1,0,0,0,0
"NLAC47",0,1,1,1,1,1,1,1,1,1,1,1,1,1,1,1,1,1,1,1,1,1
"NLAC48",0,1,1,1,1,1,1,1,1,1,1,1,1,1,1,1,1,1,0,0,0,0
"NLAC49",0,0,1,1,1,1,1,1,1,1,1,1,1,1,1,1,1,1,1,0,0,0
"NLAC50",0,0,0,1,1,1,1,1,1,1,1,0,0,0,0,0,0,0,0,0,0,0
"NLAC51",0,0,0,0,1,1,1,1,1,1,1,1,1,1,1,1,1,1,1,0,1,1
"NLAC52",0,0,0,0,0,1,1,0,0,0,0,0,0,0,0,0,0,0,0,0,0,0
"NLAC53",0,0,0,0,1,1,1,1,1,1,1,1,0,0,0,0,0,0,0,0,0,0
"NLAC54",0,0,0,0,1,1,1,1,1,0,0,0,0,0,0,0,0,0,0,0,0,0
"NLAC55",0,0,0,0,1,1,1,1,1,0,0,0,0,0,0,0,0,0,0,0,0,0
"NLAC56",0,0,0,0,0,1,1,1,1,1,1,1,1,1,1,1,1,1,0,1,1,1
"NLAC57",0,0,0,0,0,1,1,1,0,1,1,1,1,0,0,0,0,0,0,0,0,0
"NLAC58",0,0,0,0,0,1,1,1,1,1,1,1,1,1,1,1,1,1,0,0,0,0
"NLAC59",0,0,0,0,0,1,1,0,0,0,0,0,0,0,0,0,0,0,0,0,0,0
"NLAC60",0,0,0,0,0,0,1,1,1,1,1,1,1,0,0,0,0,0,0,0,0,0
"NLAC61",0,0,0,0,0,0,1,1,1,1,0,0,0,0,0,0,0,0,0,0,0,0
"NLAC62",0,0,0,0,0,0,0,1,1,1,1,1,1,0,0,0,0,0,0,0,0,0
"NLAC63",0,0,0,0,0,0,0,1,0,0,0,0,0,0,0,0,0,0,0,0,0,0
"NLAC64",0,0,0,0,0,0,0,1,1,1,1,1,0,0,0,0,0,0,0,0,0,0
"NLAC65",0,0,0,0,0,0,0,0,1,1,1,1,1,0,0,0,0,0,0,0,0,0
"NLAC66",0,0,0,0,0,0,0,1,1,1,1,1,1,1,1,1,1,1,1,1,1,1
"NLAC67",0,0,0,0,0,0,0,0,1,1,1,0,0,0,0,0,0,0,0,0,0,0
"NLAC69",0,0,0,0,0,0,1,0,0,1,1,1,1,1,1,1,1,1,1,1,1,1
"NLAC70",0,0,0,0,0,0,0,0,0,1,0,0,0,0,0,0,0,0,0,0,0,0
"NLAC71",0,0,0,0,0,0,0,0,0,1,1,1,1,1,1,1,1,1,1,1,1,1
"NLAC72",0,0,0,0,0,0,0,0,0,1,1,1,1,1,1,1,1,1,0,0,1,1
"NLAC73",0,0,0,0,0,0,0,1,1,1,1,1,1,1,1,1,0,1,1,1,1,1
"NLAC74",0,0,0,0,0,0,0,0,0,0,1,1,1,1,1,1,1,1,1,1,0,0
"NLAC75",0,0,0,0,0,0,0,0,0,0,1,1,1,1,1,1,1,1,1,1,0,0
"NLAC76",0,0,0,0,0,0,0,0,0,0,0,0,0,1,1,1,1,1,0,1,1,1
"NLAC77",0,0,0,0,0,0,0,0,0,0,1,1,1,1,1,1,1,1,0,0,0,0
"NLAC78",0,0,0,0,0,0,0,0,0,0,0,1,1,1,1,1,1,1,1,1,1,1
"NLAC79",0,0,0,0,0,0,0,0,0,0,0,0,0,0,0,1,1,1,1,1,1,1
"NLAC81",0,0,0,0,0,0,0,0,0,0,0,0,0,0,1,1,1,1,1,1,1,1
"NLAC82",0,0,0,0,0,0,0,0,0,0,0,0,0,0,1,1,1,1,1,1,1,1
"NLAC83",0,0,0,0,0,0,0,0,0,0,0,0,0,0,0,1,1,1,1,1,1,1
"NLAC84",0,0,0,0,0,0,0,0,0,0,0,0,0,0,0,0,1,1,1,1,1,1
"NLAC85",0,0,0,0,0,0,0,0,0,0,0,0,0,0,0,1,1,1,1,1,1,1
"NLAC86",0,0,0,0,0,0,0,0,0,0,0,0,0,0,0,0,1,1,1,1,1,1
"NLAC87",0,0,0,0,0,0,0,0,0,0,0,0,0,0,0,0,1,1,1,1,1,1
"NLAC88",0,0,0,0,0,0,0,0,0,0,0,0,0,0,0,0,1,1,1,1,1,1
"NLAC89",0,0,0,0,0,0,0,0,0,0,0,0,0,0,0,0,0,0,0,0,0,1
"NLAC90",0,0,0,0,0,0,0,0,0,0,0,0,0,0,0,0,0,0,1,1,1,1
"NLAC91",0,0,0,0,0,0,0,0,0,0,0,0,0,0,0,0,0,0,1,0,0,0
"NLAC92",0,0,0,0,0,0,0,0,0,0,0,0,0,0,0,0,0,0,0,1,1,1
"NLAC93",0,0,0,0,0,0,0,0,0,0,0,0,0,0,0,0,0,0,0,0,0,1
"NLAC94",0,0,0,0,0,0,0,0,0,0,0,0,0,0,0,0,0,0,0,0,1,0
"NLAC95",0,0,0,0,0,0,0,0,0,0,0,0,0,0,0,0,1,1,1,1,1,0
"NLAC96",0,0,0,0,0,0,0,0,0,0,0,0,0,0,0,0,0,0,0,0,0,1
"POLarrife",0,0,0,0,0,0,0,0,0,0,0,0,0,0,0,0,0,0,0,0,0,1
"POLatalaya",0,0,0,0,0,0,0,0,0,0,0,0,0,0,0,0,0,1,1,1,1,1
"POLbenemola",0,0,0,0,0,0,0,0,0,0,0,0,0,1,1,1,1,1,1,1,1,1
"POLbranca",0,0,0,0,0,0,0,0,0,0,0,0,1,1,1,0,0,0,0,0,0,0
"POLcigana",0,0,0,0,0,0,0,0,0,0,0,0,0,0,0,0,0,1,1,1,0,0
"POLfornin",0,0,0,0,0,0,0,0,0,0,0,0,1,1,1,0,0,0,0,0,0,0
"POLlagoa",0,0,0,0,0,0,0,0,0,0,0,0,0,0,0,0,0,0,1,0,0,0
"POLmadriz",0,0,0,0,0,0,0,0,0,1,1,1,1,1,1,0,0,0,0,0,0,0
"POLmadriz2",0,0,0,0,0,0,0,0,0,0,0,0,0,0,1,0,0,0,0,0,0,0
"POLmitra",0,0,0,0,0,0,0,0,0,0,0,0,1,1,1,1,1,1,1,1,0,0
"POLpbgaia",0,0,0,0,0,0,0,0,0,1,1,1,1,1,1,1,1,1,1,1,0,0
"POLsalre1",0,0,0,0,0,0,0,0,0,0,0,1,1,1,0,0,0,0,0,0,0,0
"POLsamouco",0,0,0,0,0,0,0,0,0,0,0,1,0,1,0,0,0,0,0,0,0,0
"POLsoeiro",0,0,0,0,0,0,0,0,0,0,0,0,0,0,0,1,1,1,1,1,0,0
"POLstandre",0,0,0,0,0,0,0,0,0,0,0,0,0,1,0,1,1,0,0,0,0,1
"POLtaipal",0,0,0,0,0,0,0,0,0,0,0,1,1,1,1,0,0,0,0,0,0,0
"POLticasi",0,0,0,0,0,0,0,0,0,0,0,0,0,0,0,0,0,0,0,1,0,0
"ROBAgigea",0,0,0,0,0,0,0,0,0,0,0,0,0,0,0,0,0,0,0,0,1,1
"SFH100000",0,0,0,0,1,0,0,0,0,0,0,0,0,0,0,0,0,0,0,0,0,0
"SFH101000",0,0,0,0,0,1,1,1,1,1,1,1,1,1,1,1,1,1,1,1,1,1
"SFH102000",0,0,0,0,0,1,1,1,0,0,0,0,0,0,0,0,0,0,0,0,0,0
"SFH103000",0,0,0,0,0,0,1,0,0,0,0,0,0,0,0,0,0,0,0,0,0,0
"SFH105000",0,0,0,0,0,0,0,1,1,1,0,0,0,0,0,0,0,0,0,0,0,0
"SFH105001",0,0,0,0,0,0,0,0,0,0,1,1,1,1,0,0,0,0,0,0,0,0
"SFH106000",0,0,0,0,0,0,0,1,1,0,0,0,0,0,0,0,0,0,0,0,0,0
"SFH107000",0,0,0,0,0,0,0,0,0,1,1,1,0,1,0,1,1,1,0,0,0,0
"SFH107001",0,0,0,0,0,0,0,0,0,0,0,0,0,0,0,0,0,0,1,1,1,1
"SFH108000",0,0,0,0,0,0,0,0,0,1,1,1,1,1,1,1,1,1,1,1,0,0
"SFH109000",0,0,0,0,0,0,0,0,0,1,1,1,0,0,0,1,1,1,1,1,1,0
"SFH110000",0,0,0,0,0,0,0,0,0,1,1,1,1,1,1,1,1,0,0,0,0,0
"SFH110001",0,0,0,0,0,0,0,0,0,0,0,0,0,0,0,0,0,1,1,1,1,1
"SFH111000",0,0,0,0,0,0,0,0,0,1,1,1,1,1,1,1,1,1,1,0,0,0
"SFH112000",0,0,0,0,0,0,0,0,0,1,1,1,1,1,1,0,0,0,0,0,0,0
"SFH112001",0,0,0,0,0,0,0,0,0,0,0,0,0,0,0,1,1,1,1,1,0,0
"SFH113000",0,0,0,0,0,0,0,0,0,0,1,1,1,1,1,1,1,1,1,1,1,1
"SFH114000",0,0,0,0,0,0,0,0,0,0,1,1,1,1,1,1,1,1,1,1,1,1
"SFH115000",0,0,0,0,0,0,0,0,0,0,1,1,0,0,0,0,0,0,0,0,0,0
"SFH116000",0,0,0,0,0,0,0,0,0,0,1,1,1,1,1,1,1,1,1,1,1,1
"SFH117000",0,0,0,0,0,0,0,0,0,0,1,0,0,0,0,0,0,0,0,0,0,0
"SFH118000",0,0,0,0,0,0,0,0,0,0,1,1,1,0,1,1,1,1,0,0,0,0
"SFH118001",0,0,0,0,0,0,0,0,0,0,0,0,0,0,0,0,0,0,0,0,0,1
"SFH119000",0,0,0,0,0,0,0,0,0,0,0,1,1,0,0,0,1,1,0,0,0,0
"SFH120000",0,0,0,0,0,0,0,0,0,0,0,0,1,1,0,0,0,0,0,0,0,0
"SFH120001",0,0,0,0,0,0,0,0,0,0,0,0,0,0,1,1,1,1,1,1,1,1
"SFH12001",1,1,1,1,1,1,1,1,0,0,0,0,0,0,0,0,0,0,0,0,0,0
"SFH121000",0,0,0,0,0,0,0,0,0,0,0,0,1,1,1,1,1,1,1,1,1,0
"SFH122000",0,0,0,0,0,0,0,0,0,0,0,0,1,1,1,1,1,1,1,1,1,1
"SFH124000",0,0,0,0,0,0,0,0,0,0,0,0,0,1,1,1,1,1,0,0,0,0
"SFH124001",0,0,0,0,0,0,0,0,0,0,0,0,0,0,0,0,0,0,1,1,1,1
"SFH125000",0,0,0,0,0,0,0,0,0,0,0,0,0,1,0,0,0,0,0,0,0,0
"SFH126000",0,0,0,0,0,0,0,0,0,0,0,0,0,0,1,1,1,1,1,1,1,1
"SFH127000",0,0,0,0,0,0,0,0,0,0,0,0,0,0,0,1,1,1,1,1,0,0
"SFH127001",0,0,0,0,0,0,0,0,0,0,0,0,0,0,0,0,0,0,0,0,1,1
"SFH128000",0,0,0,0,0,0,0,0,0,0,0,0,0,0,0,1,1,1,1,0,0,0
"SFH129000",0,0,0,0,0,0,0,0,0,0,0,0,0,0,1,1,0,1,1,1,0,0
"SFH130000",0,0,0,0,0,0,0,0,0,0,0,0,0,0,1,1,1,0,0,0,0,0
"SFH131000",0,0,0,0,0,0,0,0,0,0,0,0,0,0,0,0,1,1,0,0,0,0
"SFH133000",0,0,0,0,0,0,0,0,0,0,0,0,0,0,0,0,1,0,0,0,0,0
"SFH133001",0,0,0,0,0,0,0,0,0,0,0,0,0,0,0,0,0,1,1,0,0,0
"SFH134000",0,0,0,0,0,0,0,0,0,0,0,0,0,0,0,0,1,1,1,1,1,0
"SFH135000",0,0,0,0,0,0,0,0,0,0,0,0,0,0,0,0,1,0,0,0,0,0
"SFH136000",0,0,0,0,0,0,0,0,0,0,0,0,0,0,0,0,1,1,1,1,0,0
"SFH137000",0,0,0,0,0,0,0,0,0,0,0,0,0,0,0,0,0,1,1,1,1,1
"SFH138000",0,0,0,0,0,0,0,0,0,0,0,0,0,0,0,0,0,1,1,1,1,1
"SFH139000",0,0,0,0,0,0,0,0,0,0,0,0,0,0,0,0,0,1,0,0,0,0
"SFH14000",0,1,1,0,0,0,0,0,0,0,0,0,0,0,0,0,0,0,0,0,0,0
"SFH140000",0,0,0,0,0,0,0,0,0,0,0,0,0,0,0,0,0,1,1,1,1,1
"SFH14001",0,0,0,0,0,1,1,1,1,1,1,1,1,1,1,1,1,1,1,1,1,1
"SFH141000",0,0,0,0,0,0,0,0,0,0,0,0,0,0,0,0,0,1,1,1,0,0
"SFH141001",0,0,0,0,0,0,0,0,0,0,0,0,0,0,0,0,0,0,0,0,0,1
"SFH142000",0,0,0,0,0,0,0,0,0,0,0,0,0,0,0,0,0,1,1,1,1,1
"SFH143000",0,0,0,0,0,0,0,0,0,0,0,0,0,0,0,0,0,1,1,1,1,0
"SFH145000",0,0,0,0,0,0,0,0,0,0,0,0,0,0,0,0,0,0,1,0,0,0
"SFH146000",0,0,0,0,0,0,0,0,0,0,0,0,0,0,0,0,0,0,0,1,0,0
"SFH147000",0,0,0,0,0,0,0,0,0,0,0,0,0,0,0,0,0,0,0,0,1,1
"SFH148000",0,0,0,0,0,0,0,0,0,0,0,0,0,0,0,0,0,0,0,0,0,1
"SFH149000",0,0,0,0,0,0,0,0,0,0,0,0,0,0,0,0,0,0,0,0,0,1
"SFH15002",0,0,0,0,0,0,0,0,0,0,0,0,0,0,0,0,0,0,1,1,0,0
"SFH151000",0,0,0,0,0,0,0,0,0,0,0,0,0,0,0,0,0,0,0,0,1,1
"SFH152000",0,0,0,0,0,0,0,0,0,0,0,0,0,0,0,0,0,0,0,0,1,1
"SFH153000",0,0,0,0,0,0,0,0,0,0,0,0,0,0,0,0,0,0,0,0,1,1
"SFH154000",0,0,0,0,0,0,0,0,0,0,0,0,0,0,0,0,0,0,0,0,1,1
"SFH155000",0,0,0,0,0,0,0,0,0,0,0,0,0,0,0,0,0,0,0,0,0,1
"SFH156000",0,0,0,0,0,0,0,0,0,0,0,0,0,0,0,0,0,0,0,0,0,1
"SFH17000",1,1,1,1,1,0,0,0,0,0,0,0,0,0,0,0,0,0,0,0,0,0
"SFH2000",1,1,1,1,1,1,0,1,1,1,1,1,1,1,0,0,0,0,0,0,0,0
"SFH2001",0,0,0,0,0,0,0,0,0,0,0,0,0,0,1,1,1,1,1,0,0,0
"SFH26000",1,1,1,1,1,1,1,1,1,1,1,1,1,1,1,1,1,1,1,1,1,1
"SFH27001",1,1,1,1,0,0,0,0,0,0,0,0,0,0,0,0,0,0,0,0,0,0
"SFH28000",1,1,1,1,0,0,0,0,0,0,0,0,0,0,0,0,0,0,0,0,0,0
"SFH33000",1,1,1,1,1,1,1,1,1,1,1,1,1,1,1,1,1,1,1,0,0,0
"SFH34001",1,1,1,1,1,1,1,1,1,1,1,1,1,1,0,0,0,0,0,0,0,0
"SFH34002",0,0,0,0,0,0,0,0,0,0,0,0,0,0,1,1,0,0,0,0,0,0
"SFH34003",0,0,0,0,0,0,0,0,0,0,0,0,0,0,0,0,0,0,0,1,1,0
"SFH34004",0,0,0,0,0,0,0,0,0,0,0,0,0,0,0,0,0,0,0,0,0,1
"SFH38000",1,0,0,0,0,0,0,0,0,0,0,0,0,0,0,0,0,0,0,0,0,0
"SFH40001",1,1,1,1,1,1,1,1,1,1,1,1,0,0,0,0,0,0,0,0,0,0
"SFH41000",1,1,1,1,1,1,1,1,1,1,1,0,0,0,0,0,0,0,0,0,0,0
"SFH45000",1,1,1,0,0,0,0,0,0,0,0,0,0,0,0,0,0,0,0,0,0,0
"SFH47001",1,0,0,0,0,0,0,0,0,0,0,0,0,0,0,0,0,0,0,0,0,0
"SFH52000",1,1,0,0,0,0,0,0,0,0,0,0,0,0,0,0,0,0,0,0,0,0
"SFH52001",0,0,1,1,1,1,1,1,1,1,1,1,1,1,1,1,1,1,1,1,1,1
"SFH53000",1,1,1,1,0,0,0,0,0,0,0,0,0,0,0,0,0,0,0,0,0,0
"SFH56001",1,1,1,1,0,0,0,0,0,0,0,0,0,0,0,0,0,0,0,0,0,0
"SFH58001",1,0,0,0,0,0,0,0,0,0,0,0,0,0,0,0,0,0,0,0,0,0
"SFH58002",1,1,1,1,1,1,0,0,0,0,0,0,0,0,0,0,0,0,0,0,0,0
"SFH58003",0,0,0,0,0,0,1,1,1,1,1,1,1,1,1,1,1,1,1,1,1,1
"SFH59000",1,0,0,0,1,1,0,0,0,0,0,0,0,0,0,0,0,0,0,0,0,0
"SFH60000",1,0,0,0,0,0,0,0,0,0,0,0,0,0,0,0,0,0,0,0,0,0
"SFH61000",1,0,0,0,0,0,0,0,0,0,0,0,0,0,0,0,0,0,0,0,0,0
"SFH65000",1,1,0,0,0,0,0,0,0,0,0,0,0,0,0,0,0,0,0,0,0,0
"SFH67000",1,1,1,1,1,1,1,1,1,1,1,1,1,1,1,1,1,1,0,1,1,1
"SFH70000",1,1,1,1,0,1,1,1,1,1,0,0,0,0,0,0,0,0,0,0,0,0
"SFH71000",1,1,1,1,1,1,1,1,0,0,0,0,0,0,0,0,0,0,0,0,0,0
"SFH71001",0,0,0,0,0,0,0,0,1,1,1,0,0,0,0,0,0,0,0,0,0,0
"SFH71002",0,0,0,0,0,0,0,0,0,0,0,1,1,1,1,1,1,1,1,1,1,1
"SFH73000",1,1,1,1,0,0,0,0,0,0,0,0,0,0,0,0,0,0,0,0,0,0
"SFH75000",0,0,1,1,1,1,1,1,1,1,1,0,0,0,0,0,0,0,0,0,0,0
"SFH76000",1,1,1,1,0,0,0,0,0,0,0,0,0,0,0,0,0,0,0,0,0,0
"SFH77000",1,1,0,0,0,0,0,0,0,0,0,0,0,0,0,0,0,0,0,0,0,0
"SFH78000",1,0,0,0,0,0,0,0,0,0,0,0,0,0,0,0,0,0,0,0,0,0
"SFH79000",1,1,1,1,1,1,1,1,1,1,0,0,0,0,0,0,0,0,0,0,0,0
"SFH80000",1,1,0,1,1,1,1,1,0,0,0,0,0,0,0,0,0,0,0,0,0,0
"SFH81000",1,1,1,1,1,1,1,1,1,1,1,1,1,1,0,0,0,0,0,0,0,0
"SFH81001",0,0,0,0,0,0,0,0,0,0,0,0,0,0,1,1,1,1,1,1,1,1
"SFH82000",1,1,1,0,0,0,0,0,0,0,0,0,0,0,0,0,0,0,0,0,0,0
"SFH82001",0,0,0,1,1,1,1,0,0,0,0,0,0,0,0,0,0,0,0,0,0,0
"SFH83000",0,1,1,1,1,0,0,0,0,0,0,0,0,0,0,0,0,0,0,0,0,0
"SFH83001",0,0,0,0,0,1,1,1,1,1,1,1,1,1,1,0,0,0,0,0,0,0
"SFH83002",0,0,0,0,0,0,0,0,0,0,0,0,0,0,0,1,1,1,1,1,1,1
"SFH84000",0,1,0,0,0,0,0,0,0,0,0,0,0,0,0,0,0,0,0,0,0,0
"SFH84001",0,0,1,0,0,0,0,0,0,0,0,0,0,0,0,0,0,0,0,0,0,0
"SFH85000",0,1,1,0,0,0,0,0,0,0,0,0,0,0,0,0,0,0,0,0,0,0
"SFH86000",0,1,1,1,1,1,1,1,0,0,0,0,0,0,0,0,0,0,0,0,0,0
"SFH87000",0,1,1,1,1,1,1,1,0,0,0,0,0,0,0,0,0,0,0,0,0,0
"SFH88000",0,1,1,1,1,1,1,1,1,1,0,0,0,0,0,0,0,0,0,0,0,0
"SFH88001",0,0,0,0,0,0,0,0,0,0,1,1,1,1,1,1,1,1,1,1,1,1
"SFH89000",0,1,1,1,1,1,0,0,0,0,0,0,0,0,0,0,0,0,0,0,0,0
"SFH90000",0,0,1,1,1,1,0,0,0,0,0,0,0,0,0,0,0,0,0,0,0,0
"SFH90001",0,0,0,0,0,0,0,0,0,0,0,0,0,0,0,0,0,0,0,0,1,1
"SFH9003",0,1,1,1,1,0,0,0,0,0,0,0,0,0,0,0,0,0,0,0,0,0
"SFH91000",0,0,1,1,1,0,0,0,0,0,0,0,0,0,0,0,0,0,0,0,0,0
"SFH92000",0,0,1,1,1,0,0,0,0,0,0,0,0,0,0,0,0,0,0,0,0,0
"SFH93000",0,0,0,1,1,1,1,1,1,1,1,1,1,1,1,1,1,1,1,1,1,1
"SFH94000",0,0,0,1,1,0,0,0,0,0,0,0,0,0,0,0,0,0,0,0,0,0
"SFH95000",0,0,0,1,1,1,1,1,1,0,0,0,0,0,0,0,0,0,0,0,0,0
"SFH96000",0,0,0,1,1,1,1,1,1,1,0,0,0,0,0,0,0,0,0,0,0,0
"SFH97000",0,0,0,1,1,1,1,1,0,0,0,0,0,0,0,0,0,0,0,0,0,0
"SFH98000",0,0,0,1,0,0,0,0,0,0,0,0,0,0,0,0,0,0,0,0,0,0
"SFH99000",0,0,0,0,1,1,1,1,1,1,1,1,1,0,0,0,0,0,0,0,0,0
"SFH99001",0,0,0,0,0,0,0,0,0,0,0,0,0,1,1,1,1,1,1,1,1,1
"SVSBL02",0,0,0,0,0,0,1,1,1,1,1,1,0,0,0,0,0,0,0,0,0,0
"SVSBO01",0,0,0,0,0,0,1,1,1,1,1,1,1,1,1,0,0,0,0,0,0,0
"SVSDR03",0,0,0,0,0,0,1,1,1,1,0,0,0,0,0,0,0,0,0,0,0,0
"SVSDR04",0,0,0,0,0,0,0,1,1,1,1,1,0,0,0,0,0,0,0,0,0,0
"SVSDR05",0,0,0,0,0,0,0,0,0,0,1,1,1,1,1,1,1,1,1,1,1,1
"SVSGA02",0,0,0,0,0,0,0,0,0,0,1,1,1,1,0,0,0,0,0,0,0,0
"SVSGO01",0,0,0,0,0,0,0,0,0,0,0,0,0,1,1,1,1,1,0,1,0,0
"SVSHS02",0,0,0,0,0,0,0,0,0,0,1,1,1,1,1,0,1,1,1,0,0,0
"SVSJA01",0,0,0,0,0,0,0,0,0,0,0,1,1,1,1,1,0,0,0,0,0,0
"SVSJA02",0,0,0,0,0,0,0,0,0,0,0,0,0,0,0,0,1,1,1,1,1,1
"SVSLP01",0,0,0,0,0,0,1,1,0,0,0,0,0,0,0,0,0,0,0,0,0,0
"SVSLP02",0,0,0,0,0,0,0,1,1,0,0,0,0,0,0,0,0,0,0,0,0,0
"SVSLP03",0,0,0,0,0,0,0,0,0,0,1,1,0,0,0,0,0,0,0,0,0,0
"SVSLP04",0,0,0,0,0,0,0,0,0,0,0,0,0,0,0,0,0,0,1,1,1,1
"SVSOG02",0,0,0,0,0,0,1,1,1,0,0,0,0,0,0,0,0,0,0,0,0,0
"SVSOG03",0,0,0,0,0,0,1,1,1,1,1,1,0,0,0,0,0,0,0,0,0,0
"SVSOG04",0,0,0,0,0,0,0,0,0,0,0,1,1,1,0,0,0,0,0,0,0,0
"SVSOG05",0,0,0,0,0,0,0,0,0,0,0,0,1,1,1,1,1,0,0,0,0,0
"SVSOG06",0,0,0,0,0,0,0,0,0,0,0,0,0,1,1,1,0,0,0,0,0,0
"SVSOG07",0,0,0,0,0,0,0,0,0,0,0,0,0,0,0,0,0,1,1,1,1,1
"SVSOG08",0,0,0,0,0,0,0,0,0,0,0,0,0,0,0,0,0,1,1,1,1,1
"SVSOL03",0,0,0,0,0,0,1,1,1,1,0,0,0,0,0,0,0,0,0,0,0,0
"SVSOL04",0,0,0,0,0,0,1,1,0,0,0,0,0,0,0,0,0,0,0,0,0,0
"SVSOL07",0,0,0,0,0,0,0,0,1,1,0,0,0,0,0,0,0,0,0,0,0,0
"SVSOL08",0,0,0,0,0,0,0,0,0,0,1,1,1,0,0,0,0,0,0,0,0,0
"SVSOL09",0,0,0,0,0,0,0,0,0,0,0,0,0,1,1,1,1,1,0,0,1,1
"SVSSK01",0,0,0,0,0,0,1,1,1,1,0,0,0,0,0,0,0,0,0,0,0,0
"SVSSK02",0,0,0,0,0,0,1,1,0,0,0,0,0,0,0,0,0,0,0,0,0,0
"SVSSK03",0,0,0,0,0,0,0,0,1,0,0,0,0,0,0,0,0,0,0,0,0,0
"SVSSK04",0,0,0,0,0,0,0,0,0,1,1,1,1,1,1,1,1,1,1,1,1,1
"SVSSK05",0,0,0,0,0,0,0,0,0,0,1,1,1,1,1,1,1,1,1,1,1,1
"SVSSK06",0,0,0,0,0,0,0,0,0,0,0,0,1,1,1,1,1,1,1,1,1,1
"SVSSK07",0,0,0,0,0,0,0,0,0,0,0,0,0,0,0,0,1,1,1,1,1,1
"SVSSM08",0,0,0,0,0,0,1,1,1,1,1,1,1,0,0,0,0,0,0,0,0,0
"SVSSM15",0,0,0,0,0,0,1,1,1,1,0,0,0,0,0,0,0,0,0,0,0,0
"SVSSM16",0,0,0,0,0,0,1,1,1,1,1,0,0,0,0,0,0,0,0,0,0,0
"SVSSM17",0,0,0,0,0,0,1,1,1,1,1,1,1,1,0,0,0,0,0,0,0,0
"SVSSM18",0,0,0,0,0,0,0,0,0,0,1,1,1,1,0,0,0,0,0,0,0,0
"SVSSM19",0,0,0,0,0,0,0,0,0,0,0,1,1,1,1,1,1,1,0,0,0,0
"SVSSM20",0,0,0,0,0,0,0,0,0,0,0,0,0,1,1,1,1,1,1,1,1,1
"SVSSM21",0,0,0,0,0,0,0,0,0,0,0,0,0,0,1,1,1,1,1,1,1,1
"SVSSM22",0,0,0,0,0,0,0,0,0,0,0,0,0,0,0,0,0,0,1,1,1,1
"SVSSO05",0,0,0,0,0,0,1,1,1,1,1,1,1,1,1,1,1,1,1,1,1,0
"SVSSO06",0,0,0,0,0,0,0,1,1,1,0,0,0,0,0,0,0,0,0,0,0,0
"SVSUP01",0,0,0,0,0,0,1,1,1,1,0,1,0,1,1,1,1,1,1,1,1,1
"SVSUP02",0,0,0,0,0,0,1,1,1,1,1,1,1,0,0,0,0,0,0,0,0,0
"SVSUP04",0,0,0,0,0,0,0,0,0,0,0,0,0,0,0,0,0,0,0,1,1,1
"SVSVB01",0,0,0,0,0,0,0,0,0,0,0,1,1,1,1,1,1,1,0,1,1,1
"SVSVB02",0,0,0,0,0,0,0,0,0,0,0,0,0,0,0,1,1,1,1,1,1,1
"SVSVB03",0,0,0,0,0,0,0,0,0,0,0,0,0,0,0,0,0,0,0,0,1,1
"SVSVG02",0,0,0,0,0,0,1,1,1,1,1,1,1,1,0,0,0,0,0,0,0,0
"SVSVR01",0,0,0,0,0,0,1,1,0,0,0,0,0,0,0,0,0,0,0,0,0,0
"SVSVR02",0,0,0,0,0,0,0,1,1,1,0,0,0,0,0,0,0,0,0,0,0,0
"SVSVR03",0,0,0,0,0,0,0,0,0,0,1,1,1,1,1,1,1,0,0,0,0,0
"SVSVS08",0,0,0,0,0,0,1,1,0,0,0,0,0,0,0,0,0,0,0,0,0,0
"SVSVS10",0,0,0,0,0,0,1,1,1,1,1,1,0,0,0,0,0,0,0,0,0,0
"SVSVS11",0,0,0,0,0,0,1,1,1,1,1,1,0,0,0,0,0,0,0,0,0,0
"SVSVS12",0,0,0,0,0,0,1,1,1,1,1,1,1,1,0,0,0,0,0,0,0,0
"SVSVS13",0,0,0,0,0,0,0,0,0,0,0,1,1,0,0,0,0,0,0,0,0,0
"SVSVS14",0,0,0,0,0,0,0,0,0,0,0,1,1,1,0,0,0,0,0,0,0,0
