sqq,siteID,year,adults,species,country,year.f
604,GBT805,2010,0,12770,GBT,2010
604,GBT805,2011,0,12770,GBT,2011
604,GBT805,2012,0,12770,GBT,2012
604,GBT805,2017,0,12770,GBT,2017
604,GBT805,2009,0,12770,GBT,2009
604,GBT805,2014,0,12770,GBT,2014
604,GBT805,2015,1,12770,GBT,2015
604,GBT805,2013,0,12770,GBT,2013
641,GBT337,2003,2,12770,GBT,2003
641,GBT253,2012,2,12770,GBT,2012
641,GBT326,2003,9,12770,GBT,2003
641,GBT253,2016,4,12770,GBT,2016
641,GBT253,2014,0,12770,GBT,2014
641,GBT337,2001,0,12770,GBT,2001
641,GBT326,2004,15,12770,GBT,2004
641,GBT253,2015,6,12770,GBT,2015
641,GBT337,2002,0,12770,GBT,2002
641,GBT253,2017,3,12770,GBT,2017
641,GBT337,2000,1,12770,GBT,2000
641,GBT744,2007,6,12770,GBT,2007
641,GBT253,2011,11,12770,GBT,2011
641,GBT253,2010,3,12770,GBT,2010
641,GBT700,2004,0,12770,GBT,2004
641,GBT744,2005,2,12770,GBT,2005
641,GBT326,2005,20,12770,GBT,2005
641,GBT744,2008,0,12770,GBT,2008
641,GBT253,2006,0,12770,GBT,2006
641,GBT700,2002,1,12770,GBT,2002
641,GBT326,2002,10,12770,GBT,2002
641,GBT253,2009,0,12770,GBT,2009
641,GBT700,2001,0,12770,GBT,2001
641,GBT326,2001,4,12770,GBT,2001
641,GBT326,2010,9,12770,GBT,2010
641,GBT253,2001,2,12770,GBT,2001
641,GBT253,2008,4,12770,GBT,2008
641,GBT253,2013,5,12770,GBT,2013
641,GBT337,2004,0,12770,GBT,2004
641,GBT700,2003,2,12770,GBT,2003
641,GBT744,2006,2,12770,GBT,2006
641,GBT337,1999,0,12770,GBT,1999
641,GBT337,1998,2,12770,GBT,1998
641,GBT744,2004,0,12770,GBT,2004
641,GBT253,2007,0,12770,GBT,2007
641,GBT253,2000,0,12770,GBT,2000
641,GBT744,2009,0,12770,GBT,2009
641,GBT744,2010,1,12770,GBT,2010
641,GBT253,2002,0,12770,GBT,2002
641,GBT326,2008,12,12770,GBT,2008
641,GBT337,2008,3,12770,GBT,2008
641,GBT253,2019,0,12770,GBT,2019
641,GBT337,2005,1,12770,GBT,2005
641,GBT253,2005,3,12770,GBT,2005
641,GBT253,2004,1,12770,GBT,2004
641,GBT770,2019,2,12770,GBT,2019
641,GBT744,2003,0,12770,GBT,2003
641,GBT253,1999,0,12770,GBT,1999
641,GBT253,1998,0,12770,GBT,1998
641,GBT337,2006,3,12770,GBT,2006
641,GBT770,2017,4,12770,GBT,2017
641,GBT770,2010,2,12770,GBT,2010
641,GBT326,2006,10,12770,GBT,2006
641,GBT326,2000,6,12770,GBT,2000
641,GBT253,2003,1,12770,GBT,2003
641,GBT770,2008,0,12770,GBT,2008
641,GBT770,2006,0,12770,GBT,2006
641,GBT403,2007,4,12770,GBT,2007
641,GBT770,2018,2,12770,GBT,2018
641,GBT337,2007,0,12770,GBT,2007
641,GBT326,1998,5,12770,GBT,1998
641,GBT770,2009,3,12770,GBT,2009
641,GBT770,2011,2,12770,GBT,2011
641,GBT337,2009,0,12770,GBT,2009
641,GBT403,2006,0,12770,GBT,2006
641,GBT326,2013,23,12770,GBT,2013
641,GBT253,2018,0,12770,GBT,2018
641,GBT403,2004,0,12770,GBT,2004
641,GBT326,2007,13,12770,GBT,2007
641,GBT403,2008,0,12770,GBT,2008
641,GBT403,2003,3,12770,GBT,2003
641,GBT770,2013,2,12770,GBT,2013
641,GBT326,1999,7,12770,GBT,1999
641,GBT326,2009,6,12770,GBT,2009
641,GBT770,2016,1,12770,GBT,2016
641,GBT770,2015,4,12770,GBT,2015
641,GBT326,2012,26,12770,GBT,2012
641,GBT326,2014,16,12770,GBT,2014
641,GBT700,2000,0,12770,GBT,2000
641,GBT770,2012,0,12770,GBT,2012
641,GBT403,2001,0,12770,GBT,2001
641,GBT326,2011,19,12770,GBT,2011
641,GBT403,2005,1,12770,GBT,2005
641,GBT849,2015,3,12770,GBT,2015
641,GBT403,1998,2,12770,GBT,1998
641,GBT770,2007,2,12770,GBT,2007
641,GBT403,2000,2,12770,GBT,2000
641,GBT770,2014,1,12770,GBT,2014
641,GBT849,2011,6,12770,GBT,2011
641,GBT849,2014,5,12770,GBT,2014
641,GBT326,2015,14,12770,GBT,2015
641,GBT403,1999,1,12770,GBT,1999
641,GBT849,2012,8,12770,GBT,2012
641,GBT849,2013,4,12770,GBT,2013
641,GBT403,2002,1,12770,GBT,2002
679,GBT808,2015,13,12770,GBT,2015
679,GBT808,2014,9,12770,GBT,2014
679,GBT808,2011,5,12770,GBT,2011
679,GBT808,2016,7,12770,GBT,2016
679,GBT808,2012,0,12770,GBT,2012
679,GBT808,2010,4,12770,GBT,2010
679,GBT808,2013,17,12770,GBT,2013
679,GBT808,2009,5,12770,GBT,2009
713,GBT830,2011,4,12770,GBT,2011
713,GBT830,2012,1,12770,GBT,2012
713,GBT377,2005,0,12770,GBT,2005
713,GBT377,2003,0,12770,GBT,2003
713,GBT377,1999,1,12770,GBT,1999
713,GBT377,2004,1,12770,GBT,2004
713,GBT830,2014,2,12770,GBT,2014
713,GBT377,1998,0,12770,GBT,1998
713,GBT830,2010,0,12770,GBT,2010
713,GBT830,2015,1,12770,GBT,2015
713,GBT377,2001,1,12770,GBT,2001
713,GBT830,2016,2,12770,GBT,2016
713,GBT377,2002,1,12770,GBT,2002
713,GBT830,2013,2,12770,GBT,2013
714,GBT832,2016,1,12770,GBT,2016
714,GBT832,2015,2,12770,GBT,2015
714,GBT832,2017,2,12770,GBT,2017
714,GBT832,2019,0,12770,GBT,2019
714,GBT832,2014,0,12770,GBT,2014
714,GBT832,2018,0,12770,GBT,2018
714,GBT832,2013,1,12770,GBT,2013
714,GBT832,2011,2,12770,GBT,2011
714,GBT832,2012,4,12770,GBT,2012
714,GBT832,2010,4,12770,GBT,2010
715,GBT215,2006,0,12770,GBT,2006
715,GBT754,2012,4,12770,GBT,2012
715,GBT754,2015,4,12770,GBT,2015
715,GBT215,2004,6,12770,GBT,2004
715,GBT215,2005,1,12770,GBT,2005
715,GBT754,2010,0,12770,GBT,2010
715,GBT754,2011,1,12770,GBT,2011
715,GBT754,2013,3,12770,GBT,2013
715,GBT354,2017,0,12770,GBT,2017
715,GBT754,2009,0,12770,GBT,2009
715,GBT384,2000,1,12770,GBT,2000
715,GBT754,2007,0,12770,GBT,2007
715,GBT754,2014,0,12770,GBT,2014
715,GBT723,2002,2,12770,GBT,2002
715,GBT354,2016,10,12770,GBT,2016
715,GBT754,2008,0,12770,GBT,2008
715,GBT215,2000,1,12770,GBT,2000
715,GBT754,2004,0,12770,GBT,2004
715,GBT384,2002,2,12770,GBT,2002
715,GBT754,2018,1,12770,GBT,2018
715,GBT354,2013,8,12770,GBT,2013
715,GBT384,2001,1,12770,GBT,2001
715,GBT273,1998,4,12770,GBT,1998
715,GBT354,2014,17,12770,GBT,2014
715,GBT215,2003,3,12770,GBT,2003
715,GBT754,2006,0,12770,GBT,2006
715,GBT381,2001,2,12770,GBT,2001
715,GBT354,2015,28,12770,GBT,2015
715,GBT381,2003,0,12770,GBT,2003
715,GBT784,2019,20,12770,GBT,2019
715,GBT754,2005,0,12770,GBT,2005
715,GBT384,1999,2,12770,GBT,1999
715,GBT723,2001,6,12770,GBT,2001
715,GBT215,2002,6,12770,GBT,2002
715,GBT381,2002,0,12770,GBT,2002
715,GBT381,2005,0,12770,GBT,2005
715,GBT754,2017,7,12770,GBT,2017
715,GBT273,2003,7,12770,GBT,2003
715,GBT784,2008,3,12770,GBT,2008
715,GBT935,2019,6,12770,GBT,2019
715,GBT754,2016,5,12770,GBT,2016
715,GBT384,1998,1,12770,GBT,1998
715,GBT215,1999,4,12770,GBT,1999
715,GBT381,2007,4,12770,GBT,2007
715,GBT935,2018,5,12770,GBT,2018
715,GBT215,2001,3,12770,GBT,2001
715,GBT354,2012,22,12770,GBT,2012
715,GBT354,2010,15,12770,GBT,2010
715,GBT384,2003,0,12770,GBT,2003
715,GBT381,2004,2,12770,GBT,2004
715,GBT784,2009,5,12770,GBT,2009
715,GBT784,2007,17,12770,GBT,2007
715,GBT723,2004,6,12770,GBT,2004
715,GBT784,2018,10,12770,GBT,2018
715,GBT723,2003,4,12770,GBT,2003
715,GBT381,2008,2,12770,GBT,2008
715,GBT784,2013,12,12770,GBT,2013
715,GBT935,2017,2,12770,GBT,2017
715,GBT381,2006,0,12770,GBT,2006
715,GBT784,2015,22,12770,GBT,2015
715,GBT723,2005,2,12770,GBT,2005
715,GBT784,2010,11,12770,GBT,2010
715,GBT273,1999,2,12770,GBT,1999
715,GBT273,2007,7,12770,GBT,2007
715,GBT215,1998,2,12770,GBT,1998
715,GBT354,1999,15,12770,GBT,1999
715,GBT756,2008,4,12770,GBT,2008
715,GBT898,2018,10,12770,GBT,2018
715,GBT381,2000,0,12770,GBT,2000
715,GBT354,2009,18,12770,GBT,2009
715,GBT784,2011,10,12770,GBT,2011
715,GBT784,2014,8,12770,GBT,2014
715,GBT898,2017,13,12770,GBT,2017
715,GBT273,2008,14,12770,GBT,2008
715,GBT354,2003,0,12770,GBT,2003
715,GBT273,2010,11,12770,GBT,2010
715,GBT784,2017,15,12770,GBT,2017
715,GBT273,2012,14,12770,GBT,2012
715,GBT354,1998,0,12770,GBT,1998
715,GBT354,2011,22,12770,GBT,2011
715,GBT354,2004,13,12770,GBT,2004
715,GBT756,2006,1,12770,GBT,2006
715,GBT784,2012,26,12770,GBT,2012
715,GBT273,2005,7,12770,GBT,2005
715,GBT756,2007,3,12770,GBT,2007
715,GBT273,2011,17,12770,GBT,2011
715,GBT273,2006,14,12770,GBT,2006
715,GBT273,2013,7,12770,GBT,2013
715,GBT273,2004,0,12770,GBT,2004
715,GBT898,2019,17,12770,GBT,2019
715,GBT354,2007,13,12770,GBT,2007
715,GBT273,2000,2,12770,GBT,2000
715,GBT381,1998,0,12770,GBT,1998
715,GBT354,2002,0,12770,GBT,2002
715,GBT935,2016,11,12770,GBT,2016
715,GBT354,2001,21,12770,GBT,2001
715,GBT273,2009,0,12770,GBT,2009
715,GBT381,1999,0,12770,GBT,1999
715,GBT354,2005,23,12770,GBT,2005
715,GBT354,2008,24,12770,GBT,2008
715,GBT756,2005,0,12770,GBT,2005
715,GBT273,2001,9,12770,GBT,2001
715,GBT784,2016,13,12770,GBT,2016
715,GBT354,2006,10,12770,GBT,2006
715,GBT756,2004,0,12770,GBT,2004
715,GBT935,2015,6,12770,GBT,2015
715,GBT354,2000,10,12770,GBT,2000
715,GBT754,2019,0,12770,GBT,2019
715,GBT898,2015,10,12770,GBT,2015
715,GBT898,2014,10,12770,GBT,2014
715,GBT273,2002,5,12770,GBT,2002
715,GBT898,2016,14,12770,GBT,2016
716,GBT339,2000,1,12770,GBT,2000
716,GBT339,2013,0,12770,GBT,2013
716,GBT339,1999,3,12770,GBT,1999
716,GBT339,2014,2,12770,GBT,2014
716,GBT339,2003,2,12770,GBT,2003
716,GBT339,2012,7,12770,GBT,2012
716,GBT339,2004,1,12770,GBT,2004
716,GBT339,2010,0,12770,GBT,2010
716,GBT339,2002,2,12770,GBT,2002
716,GBT339,2011,2,12770,GBT,2011
716,GBT339,2006,0,12770,GBT,2006
716,GBT339,2018,5,12770,GBT,2018
716,GBT339,2007,4,12770,GBT,2007
716,GBT339,2009,0,12770,GBT,2009
716,GBT339,1998,2,12770,GBT,1998
716,GBT339,2005,1,12770,GBT,2005
716,GBT339,2008,0,12770,GBT,2008
716,GBT339,2015,0,12770,GBT,2015
716,GBT339,2016,0,12770,GBT,2016
716,GBT339,2019,5,12770,GBT,2019
716,GBT339,2017,1,12770,GBT,2017
749,GBT392,2007,2,12770,GBT,2007
749,GBT392,2005,3,12770,GBT,2005
749,GBT392,2006,4,12770,GBT,2006
749,GBT392,2003,2,12770,GBT,2003
749,GBT392,2002,5,12770,GBT,2002
749,GBT392,1998,2,12770,GBT,1998
749,GBT392,2004,7,12770,GBT,2004
749,GBT392,2000,5,12770,GBT,2000
749,GBT392,1999,4,12770,GBT,1999
749,GBT392,2001,3,12770,GBT,2001
750,GBT656,2004,5,12770,GBT,2004
750,GBT718,2010,5,12770,GBT,2010
750,GBT718,2007,14,12770,GBT,2007
750,GBT656,2003,5,12770,GBT,2003
750,GBT656,2002,3,12770,GBT,2002
750,GBT718,2004,4,12770,GBT,2004
750,GBT718,2006,12,12770,GBT,2006
750,GBT656,2001,1,12770,GBT,2001
750,GBT718,2001,0,12770,GBT,2001
750,GBT718,2017,13,12770,GBT,2017
750,GBT718,2015,19,12770,GBT,2015
750,GBT656,2005,3,12770,GBT,2005
750,GBT718,2005,15,12770,GBT,2005
750,GBT656,1999,2,12770,GBT,1999
750,GBT718,2013,13,12770,GBT,2013
750,GBT718,2009,5,12770,GBT,2009
750,GBT718,2008,11,12770,GBT,2008
750,GBT718,2000,1,12770,GBT,2000
750,GBT656,1998,6,12770,GBT,1998
750,GBT718,2012,0,12770,GBT,2012
750,GBT718,2014,16,12770,GBT,2014
750,GBT718,2016,12,12770,GBT,2016
750,GBT656,2000,1,12770,GBT,2000
752,GBT762,2005,0,12770,GBT,2005
752,GBT762,2014,5,12770,GBT,2014
752,GBT762,2013,1,12770,GBT,2013
752,GBT241,2003,2,12770,GBT,2003
752,GBT241,2001,1,12770,GBT,2001
752,GBT241,2000,0,12770,GBT,2000
752,GBT762,2006,1,12770,GBT,2006
752,GBT762,2012,1,12770,GBT,2012
752,GBT241,1999,0,12770,GBT,1999
752,GBT241,2002,1,12770,GBT,2002
752,GBT883,2016,1,12770,GBT,2016
752,GBT241,1998,0,12770,GBT,1998
752,GBT762,2008,0,12770,GBT,2008
752,GBT762,2007,0,12770,GBT,2007
752,GBT762,2010,0,12770,GBT,2010
752,GBT883,2014,5,12770,GBT,2014
752,GBT241,2006,0,12770,GBT,2006
752,GBT241,2004,3,12770,GBT,2004
752,GBT762,2011,4,12770,GBT,2011
752,GBT762,2009,1,12770,GBT,2009
752,GBT241,2007,0,12770,GBT,2007
752,GBT241,2005,0,12770,GBT,2005
752,GBT883,2017,4,12770,GBT,2017
752,GBT883,2015,7,12770,GBT,2015
752,GBT883,2018,4,12770,GBT,2018
753,GBT712,2017,7,12770,GBT,2017
753,GBT712,2009,3,12770,GBT,2009
753,GBT712,2016,12,12770,GBT,2016
753,GBT712,2014,5,12770,GBT,2014
753,GBT712,2015,7,12770,GBT,2015
753,GBT115,1999,2,12770,GBT,1999
753,GBT115,2000,1,12770,GBT,2000
753,GBT712,2001,8,12770,GBT,2001
753,GBT115,2003,4,12770,GBT,2003
753,GBT733,2019,8,12770,GBT,2019
753,GBT712,2013,2,12770,GBT,2013
753,GBT712,2007,7,12770,GBT,2007
753,GBT712,2008,5,12770,GBT,2008
753,GBT712,2010,0,12770,GBT,2010
753,GBT712,2000,10,12770,GBT,2000
753,GBT712,2012,0,12770,GBT,2012
753,GBT728,2018,4,12770,GBT,2018
753,GBT728,2019,7,12770,GBT,2019
753,GBT712,2011,0,12770,GBT,2011
753,GBT728,2017,10,12770,GBT,2017
753,GBT728,2005,13,12770,GBT,2005
753,GBT712,2002,6,12770,GBT,2002
753,GBT115,1998,1,12770,GBT,1998
753,GBT712,2005,4,12770,GBT,2005
753,GBT712,2006,5,12770,GBT,2006
753,GBT712,2018,10,12770,GBT,2018
753,GBT733,2013,9,12770,GBT,2013
753,GBT733,2014,3,12770,GBT,2014
753,GBT733,2015,9,12770,GBT,2015
753,GBT733,2016,9,12770,GBT,2016
753,GBT733,2017,8,12770,GBT,2017
753,GBT733,2018,5,12770,GBT,2018
753,GBT733,2004,3,12770,GBT,2004
753,GBT728,2004,7,12770,GBT,2004
753,GBT728,2006,13,12770,GBT,2006
753,GBT728,2007,21,12770,GBT,2007
753,GBT712,2003,7,12770,GBT,2003
753,GBT712,2004,8,12770,GBT,2004
753,GBT115,2004,5,12770,GBT,2004
753,GBT712,2019,11,12770,GBT,2019
753,GBT833,2018,15,12770,GBT,2018
753,GBT833,2019,12,12770,GBT,2019
753,GBT728,2014,13,12770,GBT,2014
753,GBT728,2015,15,12770,GBT,2015
753,GBT728,2016,14,12770,GBT,2016
753,GBT728,2003,8,12770,GBT,2003
753,GBT115,2008,8,12770,GBT,2008
753,GBT115,2010,8,12770,GBT,2010
753,GBT733,2005,8,12770,GBT,2005
753,GBT733,2006,8,12770,GBT,2006
753,GBT733,2007,5,12770,GBT,2007
753,GBT733,2011,6,12770,GBT,2011
753,GBT733,2012,6,12770,GBT,2012
753,GBT115,2005,5,12770,GBT,2005
753,GBT115,2006,7,12770,GBT,2006
753,GBT115,2007,8,12770,GBT,2007
753,GBT733,2002,4,12770,GBT,2002
753,GBT733,2003,2,12770,GBT,2003
753,GBT906,2016,3,12770,GBT,2016
753,GBT833,2010,9,12770,GBT,2010
753,GBT115,2009,2,12770,GBT,2009
753,GBT906,2018,2,12770,GBT,2018
753,GBT906,2019,7,12770,GBT,2019
753,GBT728,2011,17,12770,GBT,2011
753,GBT733,2010,7,12770,GBT,2010
753,GBT833,2016,12,12770,GBT,2016
753,GBT833,2017,20,12770,GBT,2017
753,GBT833,2014,13,12770,GBT,2014
753,GBT728,2012,28,12770,GBT,2012
753,GBT728,2013,15,12770,GBT,2013
753,GBT728,2002,8,12770,GBT,2002
753,GBT906,2015,7,12770,GBT,2015
753,GBT833,2015,21,12770,GBT,2015
753,GBT733,2008,2,12770,GBT,2008
753,GBT906,2017,6,12770,GBT,2017
753,GBT833,2012,18,12770,GBT,2012
753,GBT833,2013,5,12770,GBT,2013
753,GBT728,2010,15,12770,GBT,2010
753,GBT733,2009,5,12770,GBT,2009
753,GBT115,2011,13,12770,GBT,2011
753,GBT115,2012,11,12770,GBT,2012
753,GBT728,2008,15,12770,GBT,2008
753,GBT728,2001,9,12770,GBT,2001
753,GBT115,2013,0,12770,GBT,2013
753,GBT833,2011,14,12770,GBT,2011
753,GBT728,2009,14,12770,GBT,2009
787,GBT789,2010,9,12770,GBT,2010
787,GBT789,2011,12,12770,GBT,2011
787,GBT789,2007,8,12770,GBT,2007
787,GBT789,2012,35,12770,GBT,2012
787,GBT789,2008,5,12770,GBT,2008
787,GBT789,2009,6,12770,GBT,2009
788,GBT394,2003,5,12770,GBT,2003
788,GBT394,1999,10,12770,GBT,1999
788,GBT394,2004,6,12770,GBT,2004
788,GBT394,2002,10,12770,GBT,2002
788,GBT394,2006,3,12770,GBT,2006
788,GBT394,1998,13,12770,GBT,1998
788,GBT394,2000,7,12770,GBT,2000
789,GBT835,2018,1,12770,GBT,2018
789,GBT835,2017,2,12770,GBT,2017
789,GBT835,2015,5,12770,GBT,2015
789,GBT835,2016,6,12770,GBT,2016
789,GBT601,2006,4,12770,GBT,2006
789,GBT389,2005,0,12770,GBT,2005
789,GBT389,2012,6,12770,GBT,2012
789,GBT389,2013,2,12770,GBT,2013
789,GBT601,2005,6,12770,GBT,2005
789,GBT389,2011,0,12770,GBT,2011
789,GBT835,2014,0,12770,GBT,2014
789,GBT601,2004,1,12770,GBT,2004
789,GBT407,2008,5,12770,GBT,2008
789,GBT601,2016,4,12770,GBT,2016
789,GBT389,2016,8,12770,GBT,2016
789,GBT407,2009,2,12770,GBT,2009
789,GBT601,2000,0,12770,GBT,2000
789,GBT389,1998,0,12770,GBT,1998
789,GBT835,2013,1,12770,GBT,2013
789,GBT407,2006,0,12770,GBT,2006
789,GBT389,2010,2,12770,GBT,2010
789,GBT407,2016,4,12770,GBT,2016
789,GBT389,2014,1,12770,GBT,2014
789,GBT389,2004,0,12770,GBT,2004
789,GBT407,2015,6,12770,GBT,2015
789,GBT601,2002,0,12770,GBT,2002
789,GBT407,2004,3,12770,GBT,2004
789,GBT407,2005,4,12770,GBT,2005
789,GBT389,2009,0,12770,GBT,2009
789,GBT835,2019,9,12770,GBT,2019
789,GBT389,2017,4,12770,GBT,2017
789,GBT407,2007,2,12770,GBT,2007
789,GBT389,1999,0,12770,GBT,1999
789,GBT389,2008,0,12770,GBT,2008
789,GBT601,2015,4,12770,GBT,2015
789,GBT601,2012,3,12770,GBT,2012
789,GBT835,2012,1,12770,GBT,2012
789,GBT389,2007,2,12770,GBT,2007
789,GBT389,2002,2,12770,GBT,2002
789,GBT389,2003,2,12770,GBT,2003
789,GBT407,2014,10,12770,GBT,2014
789,GBT601,2013,1,12770,GBT,2013
789,GBT389,2006,0,12770,GBT,2006
789,GBT835,2011,2,12770,GBT,2011
789,GBT407,2002,6,12770,GBT,2002
789,GBT407,1999,4,12770,GBT,1999
789,GBT601,2011,5,12770,GBT,2011
789,GBT389,2000,1,12770,GBT,2000
789,GBT389,2015,3,12770,GBT,2015
789,GBT601,2009,0,12770,GBT,2009
789,GBT407,2011,9,12770,GBT,2011
789,GBT601,2003,1,12770,GBT,2003
789,GBT407,2003,2,12770,GBT,2003
789,GBT407,2013,3,12770,GBT,2013
789,GBT601,2007,0,12770,GBT,2007
789,GBT389,2018,2,12770,GBT,2018
789,GBT835,2010,1,12770,GBT,2010
789,GBT389,2019,0,12770,GBT,2019
789,GBT407,2001,1,12770,GBT,2001
789,GBT601,2010,1,12770,GBT,2010
789,GBT407,2012,12,12770,GBT,2012
789,GBT407,2000,7,12770,GBT,2000
789,GBT407,2010,5,12770,GBT,2010
789,GBT601,2008,1,12770,GBT,2008
790,GBT420,2013,10,12770,GBT,2013
790,GBT804,2014,1,12770,GBT,2014
790,GBT420,2014,7,12770,GBT,2014
790,GBT420,2011,16,12770,GBT,2011
790,GBT420,2012,26,12770,GBT,2012
790,GBT779,2007,5,12770,GBT,2007
790,GBT420,2010,9,12770,GBT,2010
790,GBT779,2010,4,12770,GBT,2010
790,GBT779,2011,11,12770,GBT,2011
790,GBT802,2019,7,12770,GBT,2019
790,GBT812,2017,24,12770,GBT,2017
790,GBT779,2008,8,12770,GBT,2008
790,GBT420,2009,10,12770,GBT,2009
790,GBT804,2012,3,12770,GBT,2012
790,GBT804,2011,4,12770,GBT,2011
790,GBT313,1998,5,12770,GBT,1998
790,GBT779,2009,3,12770,GBT,2009
790,GBT752,2006,7,12770,GBT,2006
790,GBT812,2019,27,12770,GBT,2019
790,GBT802,2018,4,12770,GBT,2018
790,GBT804,2008,2,12770,GBT,2008
790,GBT804,2010,0,12770,GBT,2010
790,GBT752,2008,10,12770,GBT,2008
790,GBT807,2017,25,12770,GBT,2017
790,GBT812,2014,23,12770,GBT,2014
790,GBT812,2016,22,12770,GBT,2016
790,GBT752,2004,15,12770,GBT,2004
790,GBT779,2018,8,12770,GBT,2018
790,GBT804,2013,0,12770,GBT,2013
790,GBT420,2008,10,12770,GBT,2008
790,GBT752,2005,11,12770,GBT,2005
790,GBT812,2013,24,12770,GBT,2013
790,GBT779,2019,15,12770,GBT,2019
790,GBT779,2017,5,12770,GBT,2017
790,GBT420,2007,14,12770,GBT,2007
790,GBT779,2012,8,12770,GBT,2012
790,GBT420,2006,8,12770,GBT,2006
790,GBT752,2016,14,12770,GBT,2016
790,GBT779,2013,14,12770,GBT,2013
790,GBT420,2017,13,12770,GBT,2017
790,GBT802,2015,6,12770,GBT,2015
790,GBT812,2015,31,12770,GBT,2015
790,GBT812,2018,15,12770,GBT,2018
790,GBT812,2012,25,12770,GBT,2012
790,GBT420,2005,17,12770,GBT,2005
790,GBT807,2018,14,12770,GBT,2018
790,GBT802,2017,8,12770,GBT,2017
790,GBT313,1999,15,12770,GBT,1999
790,GBT313,2000,10,12770,GBT,2000
790,GBT420,2019,24,12770,GBT,2019
790,GBT752,2015,7,12770,GBT,2015
790,GBT779,2015,14,12770,GBT,2015
790,GBT420,2015,9,12770,GBT,2015
790,GBT807,2013,24,12770,GBT,2013
790,GBT779,2016,12,12770,GBT,2016
790,GBT420,2018,15,12770,GBT,2018
790,GBT420,2004,10,12770,GBT,2004
790,GBT807,2015,38,12770,GBT,2015
790,GBT812,2009,16,12770,GBT,2009
790,GBT420,2001,8,12770,GBT,2001
790,GBT807,2016,26,12770,GBT,2016
790,GBT752,2007,7,12770,GBT,2007
790,GBT313,2003,7,12770,GBT,2003
790,GBT779,2014,9,12770,GBT,2014
790,GBT420,2016,13,12770,GBT,2016
790,GBT313,2004,19,12770,GBT,2004
790,GBT807,2009,19,12770,GBT,2009
790,GBT802,2016,11,12770,GBT,2016
790,GBT812,2011,29,12770,GBT,2011
790,GBT807,2014,24,12770,GBT,2014
790,GBT802,2013,1,12770,GBT,2013
790,GBT420,2000,13,12770,GBT,2000
790,GBT752,2012,12,12770,GBT,2012
790,GBT752,2013,16,12770,GBT,2013
790,GBT807,2012,13,12770,GBT,2012
790,GBT752,2009,4,12770,GBT,2009
790,GBT802,2014,3,12770,GBT,2014
790,GBT752,2014,9,12770,GBT,2014
790,GBT420,2003,7,12770,GBT,2003
790,GBT371,2002,9,12770,GBT,2002
790,GBT802,2009,0,12770,GBT,2009
790,GBT313,2001,24,12770,GBT,2001
790,GBT807,2011,29,12770,GBT,2011
790,GBT802,2012,4,12770,GBT,2012
790,GBT420,2002,12,12770,GBT,2002
790,GBT371,2001,0,12770,GBT,2001
790,GBT812,2010,12,12770,GBT,2010
790,GBT807,2010,17,12770,GBT,2010
790,GBT313,2002,8,12770,GBT,2002
790,GBT802,2008,2,12770,GBT,2008
790,GBT752,2017,18,12770,GBT,2017
790,GBT371,2003,11,12770,GBT,2003
790,GBT802,2010,0,12770,GBT,2010
790,GBT420,1999,8,12770,GBT,1999
790,GBT752,2019,8,12770,GBT,2019
790,GBT752,2011,13,12770,GBT,2011
790,GBT752,2010,6,12770,GBT,2010
790,GBT371,2000,9,12770,GBT,2000
790,GBT752,2018,8,12770,GBT,2018
790,GBT802,2011,4,12770,GBT,2011
790,GBT420,1998,13,12770,GBT,1998
790,GBT371,1999,12,12770,GBT,1999
790,GBT371,1998,8,12770,GBT,1998
822,GBT773,2006,0,12770,GBT,2006
822,GBT773,2016,7,12770,GBT,2016
822,GBT773,2017,4,12770,GBT,2017
822,GBT773,2007,1,12770,GBT,2007
822,GBT773,2008,0,12770,GBT,2008
822,GBT773,2019,6,12770,GBT,2019
822,GBT773,2014,3,12770,GBT,2014
822,GBT773,2018,4,12770,GBT,2018
822,GBT773,2011,4,12770,GBT,2011
822,GBT773,2010,0,12770,GBT,2010
822,GBT773,2015,4,12770,GBT,2015
822,GBT773,2013,3,12770,GBT,2013
822,GBT773,2009,0,12770,GBT,2009
822,GBT773,2012,3,12770,GBT,2012
823,GBT406,2010,5,12770,GBT,2010
823,GBT705,2000,3,12770,GBT,2000
823,GBT406,2006,2,12770,GBT,2006
823,GBT406,1999,1,12770,GBT,1999
823,GBT705,2001,2,12770,GBT,2001
823,GBT406,2007,0,12770,GBT,2007
823,GBT406,2003,1,12770,GBT,2003
823,GBT406,2005,1,12770,GBT,2005
823,GBT705,2004,2,12770,GBT,2004
823,GBT406,2004,0,12770,GBT,2004
823,GBT406,2000,1,12770,GBT,2000
823,GBT705,2002,1,12770,GBT,2002
823,GBT406,2008,3,12770,GBT,2008
823,GBT705,2003,2,12770,GBT,2003
823,GBT406,2009,0,12770,GBT,2009
823,GBT406,2011,0,12770,GBT,2011
823,GBT406,2001,2,12770,GBT,2001
823,GBT406,2002,2,12770,GBT,2002
824,GBT850,2015,6,12770,GBT,2015
824,GBT850,2011,4,12770,GBT,2011
824,GBT850,2016,1,12770,GBT,2016
824,GBT850,2013,1,12770,GBT,2013
824,GBT850,2014,2,12770,GBT,2014
824,GBT850,2012,4,12770,GBT,2012
825,GBT783,2019,5,12770,GBT,2019
825,GBT783,2017,3,12770,GBT,2017
825,GBT783,2015,6,12770,GBT,2015
825,GBT741,2005,18,12770,GBT,2005
825,GBT783,2018,2,12770,GBT,2018
825,GBT741,2007,20,12770,GBT,2007
825,GBT741,2004,14,12770,GBT,2004
825,GBT783,2014,0,12770,GBT,2014
825,GBT834,2013,4,12770,GBT,2013
825,GBT834,2015,22,12770,GBT,2015
825,GBT783,2016,4,12770,GBT,2016
825,GBT741,2008,27,12770,GBT,2008
825,GBT783,2009,0,12770,GBT,2009
825,GBT741,2006,16,12770,GBT,2006
825,GBT783,2011,1,12770,GBT,2011
825,GBT741,2003,17,12770,GBT,2003
825,GBT783,2013,0,12770,GBT,2013
825,GBT834,2011,4,12770,GBT,2011
825,GBT834,2014,8,12770,GBT,2014
825,GBT783,2012,1,12770,GBT,2012
825,GBT834,2010,6,12770,GBT,2010
825,GBT741,2011,19,12770,GBT,2011
825,GBT741,2012,34,12770,GBT,2012
825,GBT783,2008,1,12770,GBT,2008
825,GBT834,2016,38,12770,GBT,2016
825,GBT741,2010,24,12770,GBT,2010
825,GBT741,2013,25,12770,GBT,2013
825,GBT741,2014,20,12770,GBT,2014
825,GBT834,2012,22,12770,GBT,2012
825,GBT783,2007,3,12770,GBT,2007
825,GBT783,2010,0,12770,GBT,2010
825,GBT741,2009,12,12770,GBT,2009
826,GBT735,2014,7,12770,GBT,2014
826,GBT735,2015,15,12770,GBT,2015
826,GBT735,2016,11,12770,GBT,2016
826,GBT383,2007,0,12770,GBT,2007
826,GBT383,2003,8,12770,GBT,2003
826,GBT735,2010,9,12770,GBT,2010
826,GBT735,2012,8,12770,GBT,2012
826,GBT735,2013,5,12770,GBT,2013
826,GBT735,2006,10,12770,GBT,2006
826,GBT735,2017,10,12770,GBT,2017
826,GBT383,2001,0,12770,GBT,2001
826,GBT383,2002,10,12770,GBT,2002
826,GBT328,2000,0,12770,GBT,2000
826,GBT383,2004,0,12770,GBT,2004
826,GBT383,2006,0,12770,GBT,2006
826,GBT735,2004,13,12770,GBT,2004
826,GBT383,2011,0,12770,GBT,2011
826,GBT383,2000,0,12770,GBT,2000
826,GBT383,1998,19,12770,GBT,1998
826,GBT383,2005,0,12770,GBT,2005
826,GBT735,2018,4,12770,GBT,2018
826,GBT328,1999,2,12770,GBT,1999
826,GBT735,2007,9,12770,GBT,2007
826,GBT735,2009,5,12770,GBT,2009
826,GBT735,2005,9,12770,GBT,2005
826,GBT735,2002,10,12770,GBT,2002
826,GBT383,1999,12,12770,GBT,1999
826,GBT383,2010,0,12770,GBT,2010
826,GBT383,2009,0,12770,GBT,2009
826,GBT383,2008,0,12770,GBT,2008
826,GBT735,2008,12,12770,GBT,2008
826,GBT328,2004,0,12770,GBT,2004
826,GBT735,2003,11,12770,GBT,2003
826,GBT328,2003,0,12770,GBT,2003
826,GBT328,1998,5,12770,GBT,1998
826,GBT328,2001,0,12770,GBT,2001
826,GBT328,2002,0,12770,GBT,2002
827,GBT229,2016,33,12770,GBT,2016
827,GBT229,2012,42,12770,GBT,2012
827,GBT229,2010,46,12770,GBT,2010
827,GBT434,2001,18,12770,GBT,2001
827,GBT229,2015,33,12770,GBT,2015
827,GBT434,2003,17,12770,GBT,2003
827,GBT434,2002,14,12770,GBT,2002
827,GBT229,2013,24,12770,GBT,2013
827,GBT434,1999,10,12770,GBT,1999
827,GBT229,2014,34,12770,GBT,2014
827,GBT148,2006,4,12770,GBT,2006
827,GBT309,2002,2,12770,GBT,2002
827,GBT229,2011,49,12770,GBT,2011
827,GBT229,2008,25,12770,GBT,2008
827,GBT434,2000,18,12770,GBT,2000
827,GBT148,2003,5,12770,GBT,2003
827,GBT434,2004,17,12770,GBT,2004
827,GBT13,2000,21,12770,GBT,2000
827,GBT434,2005,20,12770,GBT,2005
827,GBT309,2011,19,12770,GBT,2011
827,GBT13,2002,15,12770,GBT,2002
827,GBT229,2017,35,12770,GBT,2017
827,GBT148,2005,2,12770,GBT,2005
827,GBT229,2009,27,12770,GBT,2009
827,GBT148,2001,1,12770,GBT,2001
827,GBT434,1998,10,12770,GBT,1998
827,GBT309,2008,11,12770,GBT,2008
827,GBT309,2010,14,12770,GBT,2010
827,GBT229,2007,32,12770,GBT,2007
827,GBT13,1998,20,12770,GBT,1998
827,GBT309,2013,9,12770,GBT,2013
827,GBT309,2000,4,12770,GBT,2000
827,GBT309,2001,1,12770,GBT,2001
827,GBT229,1999,23,12770,GBT,1999
827,GBT229,2000,22,12770,GBT,2000
827,GBT148,2000,6,12770,GBT,2000
827,GBT148,2004,8,12770,GBT,2004
827,GBT13,2018,15,12770,GBT,2018
827,GBT148,2002,5,12770,GBT,2002
827,GBT229,2019,55,12770,GBT,2019
827,GBT309,2009,5,12770,GBT,2009
827,GBT229,2006,36,12770,GBT,2006
827,GBT309,2012,16,12770,GBT,2012
827,GBT13,2009,24,12770,GBT,2009
827,GBT309,2014,10,12770,GBT,2014
827,GBT13,2001,16,12770,GBT,2001
827,GBT13,1999,16,12770,GBT,1999
827,GBT309,2017,10,12770,GBT,2017
827,GBT229,2001,33,12770,GBT,2001
827,GBT309,2006,10,12770,GBT,2006
827,GBT148,1998,3,12770,GBT,1998
827,GBT309,2007,15,12770,GBT,2007
827,GBT778,2009,5,12770,GBT,2009
827,GBT229,2005,32,12770,GBT,2005
827,GBT13,2006,27,12770,GBT,2006
827,GBT746,2007,0,12770,GBT,2007
827,GBT13,2007,22,12770,GBT,2007
827,GBT13,2008,19,12770,GBT,2008
827,GBT778,2016,6,12770,GBT,2016
827,GBT309,1999,3,12770,GBT,1999
827,GBT778,2015,9,12770,GBT,2015
827,GBT13,2003,16,12770,GBT,2003
827,GBT229,2002,36,12770,GBT,2002
827,GBT838,2016,10,12770,GBT,2016
827,GBT229,2018,22,12770,GBT,2018
827,GBT148,1999,4,12770,GBT,1999
827,GBT13,2005,20,12770,GBT,2005
827,GBT13,2019,33,12770,GBT,2019
827,GBT758,2010,14,12770,GBT,2010
827,GBT778,2011,15,12770,GBT,2011
827,GBT778,2012,10,12770,GBT,2012
827,GBT13,2010,12,12770,GBT,2010
827,GBT229,1998,24,12770,GBT,1998
827,GBT13,2011,29,12770,GBT,2011
827,GBT309,2015,19,12770,GBT,2015
827,GBT309,2016,12,12770,GBT,2016
827,GBT309,2004,13,12770,GBT,2004
827,GBT778,2008,6,12770,GBT,2008
827,GBT838,2017,0,12770,GBT,2017
827,GBT758,2009,4,12770,GBT,2009
827,GBT229,2004,29,12770,GBT,2004
827,GBT746,2005,10,12770,GBT,2005
827,GBT746,2004,11,12770,GBT,2004
827,GBT778,2010,11,12770,GBT,2010
827,GBT758,2011,0,12770,GBT,2011
827,GBT13,2004,19,12770,GBT,2004
827,GBT309,1998,1,12770,GBT,1998
827,GBT778,2014,10,12770,GBT,2014
827,GBT13,2012,13,12770,GBT,2012
827,GBT746,2006,7,12770,GBT,2006
827,GBT309,2005,11,12770,GBT,2005
827,GBT758,2008,6,12770,GBT,2008
827,GBT229,2003,20,12770,GBT,2003
827,GBT838,2014,0,12770,GBT,2014
827,GBT843,2014,11,12770,GBT,2014
827,GBT843,2013,6,12770,GBT,2013
827,GBT746,2003,9,12770,GBT,2003
827,GBT843,2011,10,12770,GBT,2011
827,GBT838,2011,0,12770,GBT,2011
827,GBT838,2015,0,12770,GBT,2015
827,GBT778,2013,6,12770,GBT,2013
827,GBT13,2015,20,12770,GBT,2015
827,GBT758,2007,4,12770,GBT,2007
827,GBT778,2007,12,12770,GBT,2007
827,GBT838,2012,7,12770,GBT,2012
827,GBT13,2017,17,12770,GBT,2017
827,GBT843,2015,10,12770,GBT,2015
827,GBT13,2013,13,12770,GBT,2013
827,GBT758,2006,2,12770,GBT,2006
827,GBT13,2014,13,12770,GBT,2014
827,GBT838,2013,5,12770,GBT,2013
827,GBT758,2005,7,12770,GBT,2005
827,GBT843,2012,7,12770,GBT,2012
827,GBT13,2016,31,12770,GBT,2016
828,GBT858,2019,23,12770,GBT,2019
828,GBT858,2018,11,12770,GBT,2018
828,GBT858,2017,15,12770,GBT,2017
828,GBT858,2016,13,12770,GBT,2016
828,GBT386,2003,11,12770,GBT,2003
828,GBT386,2002,8,12770,GBT,2002
828,GBT386,1999,10,12770,GBT,1999
828,GBT858,2013,6,12770,GBT,2013
828,GBT386,2001,7,12770,GBT,2001
828,GBT858,2015,17,12770,GBT,2015
828,GBT858,2014,9,12770,GBT,2014
828,GBT386,1998,7,12770,GBT,1998
828,GBT386,2000,8,12770,GBT,2000
828,GBT858,2012,10,12770,GBT,2012
861,GBT880,2018,27,12770,GBT,2018
861,GBT880,2015,24,12770,GBT,2015
861,GBT880,2016,34,12770,GBT,2016
861,GBT910,2017,18,12770,GBT,2017
861,GBT880,2019,19,12770,GBT,2019
861,GBT342,2000,0,12770,GBT,2000
861,GBT342,2002,0,12770,GBT,2002
861,GBT880,2013,23,12770,GBT,2013
861,GBT880,2017,25,12770,GBT,2017
861,GBT910,2016,25,12770,GBT,2016
861,GBT910,2018,15,12770,GBT,2018
861,GBT910,2015,25,12770,GBT,2015
861,GBT342,1998,16,12770,GBT,1998
861,GBT342,1999,18,12770,GBT,1999
861,GBT880,2014,24,12770,GBT,2014
861,GBT910,2019,17,12770,GBT,2019
861,GBT342,2001,0,12770,GBT,2001
863,GBT713,2007,12,12770,GBT,2007
863,GBT713,2006,6,12770,GBT,2006
863,GBT713,2000,5,12770,GBT,2000
863,GBT882,2016,9,12770,GBT,2016
863,GBT713,2005,9,12770,GBT,2005
863,GBT713,2002,5,12770,GBT,2002
863,GBT882,2015,7,12770,GBT,2015
863,GBT882,2017,6,12770,GBT,2017
863,GBT882,2018,14,12770,GBT,2018
863,GBT713,2001,0,12770,GBT,2001
863,GBT882,2014,2,12770,GBT,2014
863,GBT882,2019,18,12770,GBT,2019
863,GBT713,2004,12,12770,GBT,2004
864,GBT277,2002,15,12770,GBT,2002
864,GBT277,1999,15,12770,GBT,1999
864,GBT798,2008,2,12770,GBT,2008
864,GBT798,2012,2,12770,GBT,2012
864,GBT732,2005,26,12770,GBT,2005
864,GBT732,2008,20,12770,GBT,2008
864,GBT277,2000,24,12770,GBT,2000
864,GBT277,1998,19,12770,GBT,1998
864,GBT276,2013,34,12770,GBT,2013
864,GBT732,2004,30,12770,GBT,2004
864,GBT732,2007,17,12770,GBT,2007
864,GBT732,2006,19,12770,GBT,2006
864,GBT798,2011,1,12770,GBT,2011
864,GBT360,1998,19,12770,GBT,1998
864,GBT276,2012,58,12770,GBT,2012
864,GBT901,2018,2,12770,GBT,2018
864,GBT732,2009,11,12770,GBT,2009
864,GBT360,2000,23,12770,GBT,2000
864,GBT150,2006,10,12770,GBT,2006
864,GBT360,1999,24,12770,GBT,1999
864,GBT901,2016,1,12770,GBT,2016
864,GBT732,2003,26,12770,GBT,2003
864,GBT276,2011,27,12770,GBT,2011
864,GBT150,2003,9,12770,GBT,2003
864,GBT901,2017,4,12770,GBT,2017
864,GBT798,2009,2,12770,GBT,2009
864,GBT798,2010,2,12770,GBT,2010
864,GBT150,2005,16,12770,GBT,2005
864,GBT822,2014,8,12770,GBT,2014
864,GBT150,2007,10,12770,GBT,2007
864,GBT232,1998,3,12770,GBT,1998
864,GBT732,2002,28,12770,GBT,2002
864,GBT277,2001,22,12770,GBT,2001
864,GBT276,2009,37,12770,GBT,2009
864,GBT276,2010,45,12770,GBT,2010
864,GBT232,2019,6,12770,GBT,2019
864,GBT150,2001,13,12770,GBT,2001
864,GBT822,2011,6,12770,GBT,2011
864,GBT150,2002,18,12770,GBT,2002
864,GBT901,2019,8,12770,GBT,2019
864,GBT360,2005,38,12770,GBT,2005
864,GBT822,2012,20,12770,GBT,2012
864,GBT360,2008,35,12770,GBT,2008
864,GBT391,2003,14,12770,GBT,2003
864,GBT798,2013,1,12770,GBT,2013
864,GBT901,2015,6,12770,GBT,2015
864,GBT276,2008,43,12770,GBT,2008
864,GBT232,2018,3,12770,GBT,2018
864,GBT822,2010,6,12770,GBT,2010
864,GBT360,2002,25,12770,GBT,2002
864,GBT360,2003,28,12770,GBT,2003
864,GBT391,1998,0,12770,GBT,1998
864,GBT727,2004,0,12770,GBT,2004
864,GBT391,1999,32,12770,GBT,1999
864,GBT150,2004,15,12770,GBT,2004
864,GBT360,2007,30,12770,GBT,2007
864,GBT391,2002,11,12770,GBT,2002
864,GBT232,1999,2,12770,GBT,1999
864,GBT150,1998,11,12770,GBT,1998
864,GBT276,2007,66,12770,GBT,2007
864,GBT232,2017,3,12770,GBT,2017
864,GBT276,2005,63,12770,GBT,2005
864,GBT870,2013,12,12770,GBT,2013
864,GBT798,2015,3,12770,GBT,2015
864,GBT232,2012,6,12770,GBT,2012
864,GBT360,2004,30,12770,GBT,2004
864,GBT822,2019,11,12770,GBT,2019
864,GBT391,2000,29,12770,GBT,2000
864,GBT360,2006,56,12770,GBT,2006
864,GBT391,2001,17,12770,GBT,2001
864,GBT391,2004,10,12770,GBT,2004
864,GBT822,2015,9,12770,GBT,2015
864,GBT798,2014,1,12770,GBT,2014
864,GBT276,2006,65,12770,GBT,2006
864,GBT150,2000,17,12770,GBT,2000
864,GBT232,2014,3,12770,GBT,2014
864,GBT276,2003,35,12770,GBT,2003
864,GBT232,2001,5,12770,GBT,2001
864,GBT870,2014,19,12770,GBT,2014
864,GBT232,2002,2,12770,GBT,2002
864,GBT798,2016,2,12770,GBT,2016
864,GBT727,2000,9,12770,GBT,2000
864,GBT232,2008,1,12770,GBT,2008
864,GBT727,2003,6,12770,GBT,2003
864,GBT801,2009,7,12770,GBT,2009
864,GBT391,2005,0,12770,GBT,2005
864,GBT150,1999,15,12770,GBT,1999
864,GBT276,2004,52,12770,GBT,2004
864,GBT801,2012,10,12770,GBT,2012
864,GBT232,2016,4,12770,GBT,2016
864,GBT232,2013,4,12770,GBT,2013
864,GBT801,2013,8,12770,GBT,2013
864,GBT232,2011,3,12770,GBT,2011
864,GBT232,2003,2,12770,GBT,2003
864,GBT232,2005,2,12770,GBT,2005
864,GBT232,2007,0,12770,GBT,2007
864,GBT727,2002,0,12770,GBT,2002
864,GBT732,2016,26,12770,GBT,2016
864,GBT732,2017,25,12770,GBT,2017
864,GBT732,2010,30,12770,GBT,2010
864,GBT360,2001,15,12770,GBT,2001
864,GBT276,2000,48,12770,GBT,2000
864,GBT360,2010,0,12770,GBT,2010
864,GBT150,2011,21,12770,GBT,2011
864,GBT276,2001,52,12770,GBT,2001
864,GBT727,2001,14,12770,GBT,2001
864,GBT150,2008,10,12770,GBT,2008
864,GBT150,2018,18,12770,GBT,2018
864,GBT232,2004,1,12770,GBT,2004
864,GBT360,2009,24,12770,GBT,2009
864,GBT732,2015,34,12770,GBT,2015
864,GBT232,2010,3,12770,GBT,2010
864,GBT232,2000,0,12770,GBT,2000
864,GBT232,2015,3,12770,GBT,2015
864,GBT870,2018,16,12770,GBT,2018
864,GBT150,2016,33,12770,GBT,2016
864,GBT822,2018,14,12770,GBT,2018
864,GBT801,2015,0,12770,GBT,2015
864,GBT150,2015,18,12770,GBT,2015
864,GBT232,2009,0,12770,GBT,2009
864,GBT798,2019,7,12770,GBT,2019
864,GBT801,2011,0,12770,GBT,2011
864,GBT732,2019,41,12770,GBT,2019
864,GBT232,2006,0,12770,GBT,2006
864,GBT870,2016,22,12770,GBT,2016
864,GBT822,2016,7,12770,GBT,2016
864,GBT150,2009,11,12770,GBT,2009
864,GBT276,1999,48,12770,GBT,1999
864,GBT798,2017,4,12770,GBT,2017
864,GBT150,2019,35,12770,GBT,2019
864,GBT801,2008,5,12770,GBT,2008
864,GBT276,1998,0,12770,GBT,1998
864,GBT870,2017,31,12770,GBT,2017
864,GBT150,2013,20,12770,GBT,2013
864,GBT798,2018,4,12770,GBT,2018
864,GBT150,2014,21,12770,GBT,2014
864,GBT801,2016,14,12770,GBT,2016
864,GBT870,2015,18,12770,GBT,2015
864,GBT801,2019,23,12770,GBT,2019
864,GBT801,2014,9,12770,GBT,2014
864,GBT870,2019,39,12770,GBT,2019
864,GBT822,2017,21,12770,GBT,2017
864,GBT732,2011,38,12770,GBT,2011
864,GBT801,2018,16,12770,GBT,2018
864,GBT732,2014,18,12770,GBT,2014
864,GBT732,2013,11,12770,GBT,2013
864,GBT732,2012,38,12770,GBT,2012
864,GBT150,2012,22,12770,GBT,2012
864,GBT150,2017,20,12770,GBT,2017
864,GBT801,2017,8,12770,GBT,2017
865,GBT771,2017,7,12770,GBT,2017
865,GBT771,2015,3,12770,GBT,2015
865,GBT846,2017,2,12770,GBT,2017
865,GBT414,2006,3,12770,GBT,2006
865,GBT886,2014,24,12770,GBT,2014
865,GBT414,2011,6,12770,GBT,2011
865,GBT414,2010,5,12770,GBT,2010
865,GBT771,2018,2,12770,GBT,2018
865,GBT414,2009,4,12770,GBT,2009
865,GBT357,1998,18,12770,GBT,1998
865,GBT886,2015,39,12770,GBT,2015
865,GBT848,2016,3,12770,GBT,2016
865,GBT357,1999,17,12770,GBT,1999
865,GBT414,2008,1,12770,GBT,2008
865,GBT846,2019,0,12770,GBT,2019
865,GBT771,2012,6,12770,GBT,2012
865,GBT886,2018,25,12770,GBT,2018
865,GBT771,2007,5,12770,GBT,2007
865,GBT414,2007,1,12770,GBT,2007
865,GBT357,2003,7,12770,GBT,2003
865,GBT357,2000,10,12770,GBT,2000
865,GBT846,2018,2,12770,GBT,2018
865,GBT414,2012,5,12770,GBT,2012
865,GBT414,2002,0,12770,GBT,2002
865,GBT846,2014,4,12770,GBT,2014
865,GBT848,2015,3,12770,GBT,2015
865,GBT414,2005,4,12770,GBT,2005
865,GBT771,2008,0,12770,GBT,2008
865,GBT771,2009,0,12770,GBT,2009
865,GBT771,2013,7,12770,GBT,2013
865,GBT771,2006,4,12770,GBT,2006
865,GBT846,2016,3,12770,GBT,2016
865,GBT357,2002,13,12770,GBT,2002
865,GBT846,2013,1,12770,GBT,2013
865,GBT771,2019,5,12770,GBT,2019
865,GBT414,2004,3,12770,GBT,2004
865,GBT846,2015,5,12770,GBT,2015
865,GBT848,2017,4,12770,GBT,2017
865,GBT886,2017,27,12770,GBT,2017
865,GBT771,2016,9,12770,GBT,2016
865,GBT414,2003,3,12770,GBT,2003
865,GBT846,2012,1,12770,GBT,2012
865,GBT771,2011,10,12770,GBT,2011
865,GBT414,2017,10,12770,GBT,2017
865,GBT771,2014,7,12770,GBT,2014
865,GBT357,2001,8,12770,GBT,2001
865,GBT848,2014,4,12770,GBT,2014
865,GBT848,2018,1,12770,GBT,2018
865,GBT846,2011,2,12770,GBT,2011
865,GBT414,2016,6,12770,GBT,2016
865,GBT848,2011,2,12770,GBT,2011
865,GBT886,2016,41,12770,GBT,2016
865,GBT414,2018,1,12770,GBT,2018
865,GBT414,2000,7,12770,GBT,2000
865,GBT414,2001,4,12770,GBT,2001
865,GBT414,2013,2,12770,GBT,2013
865,GBT848,2019,3,12770,GBT,2019
865,GBT414,2015,4,12770,GBT,2015
865,GBT771,2010,3,12770,GBT,2010
865,GBT414,1999,0,12770,GBT,1999
865,GBT414,2019,9,12770,GBT,2019
865,GBT414,2014,1,12770,GBT,2014
866,GBT889,2015,10,12770,GBT,2015
866,GBT889,2014,13,12770,GBT,2014
866,GBT889,2019,23,12770,GBT,2019
866,GBT889,2016,19,12770,GBT,2016
866,GBT889,2017,20,12770,GBT,2017
866,GBT889,2018,17,12770,GBT,2018
898,GBT745,2008,25,12770,GBT,2008
898,GBT745,2005,36,12770,GBT,2005
898,GBT745,2006,16,12770,GBT,2006
898,GBT890,2018,2,12770,GBT,2018
898,GBT745,2009,16,12770,GBT,2009
898,GBT745,2003,4,12770,GBT,2003
898,GBT890,2016,6,12770,GBT,2016
898,GBT890,2015,0,12770,GBT,2015
898,GBT890,2019,2,12770,GBT,2019
898,GBT890,2014,0,12770,GBT,2014
898,GBT745,2007,19,12770,GBT,2007
898,GBT745,2004,18,12770,GBT,2004
898,GBT890,2017,3,12770,GBT,2017
899,GBT10,1998,13,12770,GBT,1998
899,GBT10,1999,7,12770,GBT,1999
899,GBT10,2000,9,12770,GBT,2000
899,GBT10,2001,7,12770,GBT,2001
899,GBT10,2002,5,12770,GBT,2002
899,GBT10,2003,8,12770,GBT,2003
899,GBT10,2004,13,12770,GBT,2004
899,GBT10,2005,9,12770,GBT,2005
899,GBT10,2006,9,12770,GBT,2006
899,GBT10,2007,11,12770,GBT,2007
899,GBT10,2008,9,12770,GBT,2008
899,GBT10,2009,14,12770,GBT,2009
899,GBT10,2010,14,12770,GBT,2010
899,GBT10,2011,16,12770,GBT,2011
899,GBT10,2012,28,12770,GBT,2012
899,GBT10,2013,16,12770,GBT,2013
899,GBT10,2014,14,12770,GBT,2014
899,GBT10,2015,22,12770,GBT,2015
899,GBT10,2016,24,12770,GBT,2016
899,GBT10,2017,12,12770,GBT,2017
899,GBT10,2018,20,12770,GBT,2018
899,GBT10,2019,27,12770,GBT,2019
899,GBT499,2010,5,12770,GBT,2010
899,GBT499,2011,14,12770,GBT,2011
899,GBT499,2012,7,12770,GBT,2012
899,GBT401,2011,7,12770,GBT,2011
899,GBT748,2003,4,12770,GBT,2003
899,GBT748,2004,9,12770,GBT,2004
899,GBT748,2005,9,12770,GBT,2005
899,GBT748,2006,0,12770,GBT,2006
899,GBT748,2007,2,12770,GBT,2007
899,GBT748,2008,0,12770,GBT,2008
899,GBT749,2004,0,12770,GBT,2004
899,GBT749,2005,1,12770,GBT,2005
899,GBT749,2006,0,12770,GBT,2006
899,GBT749,2007,0,12770,GBT,2007
899,GBT749,2008,0,12770,GBT,2008
899,GBT749,2009,0,12770,GBT,2009
899,GBT749,2010,0,12770,GBT,2010
899,GBT737,2016,17,12770,GBT,2016
899,GBT737,2017,6,12770,GBT,2017
899,GBT737,2018,14,12770,GBT,2018
899,GBT737,2019,20,12770,GBT,2019
899,GBT781,2013,4,12770,GBT,2013
899,GBT781,2015,0,12770,GBT,2015
899,GBT781,2016,0,12770,GBT,2016
899,GBT781,2018,8,12770,GBT,2018
899,GBT499,2008,12,12770,GBT,2008
899,GBT499,2009,7,12770,GBT,2009
899,GBT401,2007,6,12770,GBT,2007
899,GBT401,2008,5,12770,GBT,2008
899,GBT499,1998,10,12770,GBT,1998
899,GBT499,1999,17,12770,GBT,1999
899,GBT499,2000,8,12770,GBT,2000
899,GBT499,2002,6,12770,GBT,2002
899,GBT499,2003,8,12770,GBT,2003
899,GBT499,2004,6,12770,GBT,2004
899,GBT499,2005,8,12770,GBT,2005
899,GBT499,2006,11,12770,GBT,2006
899,GBT499,2007,14,12770,GBT,2007
899,GBT401,2019,0,12770,GBT,2019
899,GBT737,2011,7,12770,GBT,2011
899,GBT737,2012,22,12770,GBT,2012
899,GBT737,2013,7,12770,GBT,2013
899,GBT401,2009,2,12770,GBT,2009
899,GBT401,2010,5,12770,GBT,2010
899,GBT401,2012,6,12770,GBT,2012
899,GBT401,2013,4,12770,GBT,2013
899,GBT401,2014,5,12770,GBT,2014
899,GBT401,2015,3,12770,GBT,2015
899,GBT401,2016,6,12770,GBT,2016
899,GBT401,2017,0,12770,GBT,2017
899,GBT401,2018,3,12770,GBT,2018
899,GBT401,2004,7,12770,GBT,2004
899,GBT401,2005,7,12770,GBT,2005
899,GBT401,2006,2,12770,GBT,2006
899,GBT703,2006,15,12770,GBT,2006
899,GBT737,2014,8,12770,GBT,2014
899,GBT737,2015,18,12770,GBT,2015
899,GBT703,2010,9,12770,GBT,2010
899,GBT781,2010,10,12770,GBT,2010
899,GBT781,2011,13,12770,GBT,2011
899,GBT781,2012,10,12770,GBT,2012
899,GBT401,2001,7,12770,GBT,2001
899,GBT401,2002,8,12770,GBT,2002
899,GBT401,2003,2,12770,GBT,2003
899,GBT703,2003,14,12770,GBT,2003
899,GBT703,2004,5,12770,GBT,2004
899,GBT703,2005,16,12770,GBT,2005
899,GBT737,2010,9,12770,GBT,2010
899,GBT703,2007,14,12770,GBT,2007
899,GBT703,2008,8,12770,GBT,2008
899,GBT703,2009,4,12770,GBT,2009
899,GBT401,1998,7,12770,GBT,1998
899,GBT401,1999,11,12770,GBT,1999
899,GBT401,2000,2,12770,GBT,2000
899,GBT703,2000,8,12770,GBT,2000
899,GBT703,2001,7,12770,GBT,2001
899,GBT703,2002,9,12770,GBT,2002
899,GBT737,2007,16,12770,GBT,2007
899,GBT737,2008,10,12770,GBT,2008
899,GBT737,2009,11,12770,GBT,2009
899,GBT737,2002,12,12770,GBT,2002
899,GBT737,2003,6,12770,GBT,2003
899,GBT737,2004,8,12770,GBT,2004
899,GBT737,2005,7,12770,GBT,2005
899,GBT737,2006,8,12770,GBT,2006
899,GBT781,2009,7,12770,GBT,2009
899,GBT781,2008,0,12770,GBT,2008
899,GBT781,2007,10,12770,GBT,2007
900,GBT826,2014,11,12770,GBT,2014
900,GBT152,2003,32,12770,GBT,2003
900,GBT826,2013,6,12770,GBT,2013
900,GBT826,2017,6,12770,GBT,2017
900,GBT152,2004,26,12770,GBT,2004
900,GBT826,2016,7,12770,GBT,2016
900,GBT826,2012,19,12770,GBT,2012
900,GBT152,2016,37,12770,GBT,2016
900,GBT152,2017,38,12770,GBT,2017
900,GBT826,2015,11,12770,GBT,2015
900,GBT395,2008,1,12770,GBT,2008
900,GBT395,2009,0,12770,GBT,2009
900,GBT152,2002,26,12770,GBT,2002
900,GBT358,2002,8,12770,GBT,2002
900,GBT152,2014,36,12770,GBT,2014
900,GBT152,2015,25,12770,GBT,2015
900,GBT152,2006,26,12770,GBT,2006
900,GBT117,2011,8,12770,GBT,2011
900,GBT395,2007,0,12770,GBT,2007
900,GBT152,2005,41,12770,GBT,2005
900,GBT720,2008,13,12770,GBT,2008
900,GBT720,2009,0,12770,GBT,2009
900,GBT152,2012,67,12770,GBT,2012
900,GBT152,2013,41,12770,GBT,2013
900,GBT738,2019,33,12770,GBT,2019
900,GBT395,2002,0,12770,GBT,2002
900,GBT395,2003,3,12770,GBT,2003
900,GBT117,2012,13,12770,GBT,2012
900,GBT251,1998,13,12770,GBT,1998
900,GBT251,1999,13,12770,GBT,1999
900,GBT152,2007,39,12770,GBT,2007
900,GBT826,2018,12,12770,GBT,2018
900,GBT720,2007,10,12770,GBT,2007
900,GBT152,2010,35,12770,GBT,2010
900,GBT152,2011,40,12770,GBT,2011
900,GBT358,1999,13,12770,GBT,1999
900,GBT753,2013,11,12770,GBT,2013
900,GBT753,2014,30,12770,GBT,2014
900,GBT753,2015,24,12770,GBT,2015
900,GBT335,2018,10,12770,GBT,2018
900,GBT395,2004,2,12770,GBT,2004
900,GBT738,2010,5,12770,GBT,2010
900,GBT720,2001,9,12770,GBT,2001
900,GBT251,2000,13,12770,GBT,2000
900,GBT251,2001,13,12770,GBT,2001
900,GBT826,2019,7,12770,GBT,2019
900,GBT152,2009,28,12770,GBT,2009
900,GBT720,2006,2,12770,GBT,2006
900,GBT753,2011,0,12770,GBT,2011
900,GBT358,2000,11,12770,GBT,2000
900,GBT358,2001,8,12770,GBT,2001
900,GBT395,2001,0,12770,GBT,2001
900,GBT331,2011,7,12770,GBT,2011
900,GBT335,2019,14,12770,GBT,2019
900,GBT331,2013,5,12770,GBT,2013
900,GBT331,2014,4,12770,GBT,2014
900,GBT720,2002,21,12770,GBT,2002
900,GBT720,2003,21,12770,GBT,2003
900,GBT152,2008,30,12770,GBT,2008
900,GBT395,2010,2,12770,GBT,2010
900,GBT395,2011,2,12770,GBT,2011
900,GBT117,2016,4,12770,GBT,2016
900,GBT753,2012,28,12770,GBT,2012
900,GBT335,2015,9,12770,GBT,2015
900,GBT335,2016,6,12770,GBT,2016
900,GBT335,2017,13,12770,GBT,2017
900,GBT331,2012,7,12770,GBT,2012
900,GBT117,2010,2,12770,GBT,2010
900,GBT463,2017,24,12770,GBT,2017
900,GBT331,2015,2,12770,GBT,2015
900,GBT331,2016,7,12770,GBT,2016
900,GBT331,2017,4,12770,GBT,2017
900,GBT720,2004,15,12770,GBT,2004
900,GBT720,2005,11,12770,GBT,2005
900,GBT331,2019,8,12770,GBT,2019
900,GBT395,1998,0,12770,GBT,1998
900,GBT395,1999,0,12770,GBT,1999
900,GBT395,2000,1,12770,GBT,2000
900,GBT331,2010,3,12770,GBT,2010
900,GBT152,2001,33,12770,GBT,2001
900,GBT766,2005,21,12770,GBT,2005
900,GBT766,2006,11,12770,GBT,2006
900,GBT463,2018,23,12770,GBT,2018
900,GBT463,2019,18,12770,GBT,2019
900,GBT117,2013,6,12770,GBT,2013
900,GBT766,2010,21,12770,GBT,2010
900,GBT331,2018,8,12770,GBT,2018
900,GBT753,2010,12,12770,GBT,2010
900,GBT335,2013,3,12770,GBT,2013
900,GBT335,2014,9,12770,GBT,2014
900,GBT117,2006,4,12770,GBT,2006
900,GBT117,2007,9,12770,GBT,2007
900,GBT117,2008,8,12770,GBT,2008
900,GBT117,2009,2,12770,GBT,2009
900,GBT738,2008,6,12770,GBT,2008
900,GBT766,2007,14,12770,GBT,2007
900,GBT395,2005,2,12770,GBT,2005
900,GBT395,2006,0,12770,GBT,2006
900,GBT738,2012,14,12770,GBT,2012
900,GBT738,2013,17,12770,GBT,2013
900,GBT738,2014,12,12770,GBT,2014
900,GBT738,2015,14,12770,GBT,2015
900,GBT117,2017,8,12770,GBT,2017
900,GBT117,2018,2,12770,GBT,2018
900,GBT117,2019,8,12770,GBT,2019
900,GBT738,2018,13,12770,GBT,2018
900,GBT335,2004,4,12770,GBT,2004
900,GBT335,2005,7,12770,GBT,2005
900,GBT738,2009,3,12770,GBT,2009
900,GBT331,2000,4,12770,GBT,2000
900,GBT738,2011,15,12770,GBT,2011
900,GBT766,2008,12,12770,GBT,2008
900,GBT766,2009,17,12770,GBT,2009
900,GBT753,2008,15,12770,GBT,2008
900,GBT251,2002,18,12770,GBT,2002
900,GBT335,1998,6,12770,GBT,1998
900,GBT335,1999,7,12770,GBT,1999
900,GBT335,2000,2,12770,GBT,2000
900,GBT738,2005,8,12770,GBT,2005
900,GBT738,2006,4,12770,GBT,2006
900,GBT738,2007,3,12770,GBT,2007
900,GBT899,2019,32,12770,GBT,2019
900,GBT463,2016,43,12770,GBT,2016
900,GBT826,2011,14,12770,GBT,2011
900,GBT753,2006,6,12770,GBT,2006
900,GBT753,2007,14,12770,GBT,2007
900,GBT331,2003,5,12770,GBT,2003
900,GBT753,2009,11,12770,GBT,2009
900,GBT117,2004,4,12770,GBT,2004
900,GBT117,2005,2,12770,GBT,2005
900,GBT738,2004,6,12770,GBT,2004
900,GBT738,2017,20,12770,GBT,2017
900,GBT331,2009,3,12770,GBT,2009
900,GBT335,2002,6,12770,GBT,2002
900,GBT335,2003,1,12770,GBT,2003
900,GBT335,2006,9,12770,GBT,2006
900,GBT753,2004,15,12770,GBT,2004
900,GBT331,2001,6,12770,GBT,2001
900,GBT331,2002,1,12770,GBT,2002
900,GBT117,2001,0,12770,GBT,2001
900,GBT117,2014,1,12770,GBT,2014
900,GBT117,2015,2,12770,GBT,2015
900,GBT358,1998,17,12770,GBT,1998
900,GBT738,2016,14,12770,GBT,2016
900,GBT395,2013,1,12770,GBT,2013
900,GBT335,2001,1,12770,GBT,2001
900,GBT152,1999,46,12770,GBT,1999
900,GBT152,2000,26,12770,GBT,2000
900,GBT463,2015,32,12770,GBT,2015
900,GBT826,2010,5,12770,GBT,2010
900,GBT753,2005,12,12770,GBT,2005
900,GBT335,2008,8,12770,GBT,2008
900,GBT117,1998,4,12770,GBT,1998
900,GBT117,2002,0,12770,GBT,2002
900,GBT117,2003,2,12770,GBT,2003
900,GBT251,2003,21,12770,GBT,2003
900,GBT395,2012,0,12770,GBT,2012
900,GBT899,2015,33,12770,GBT,2015
900,GBT152,1998,34,12770,GBT,1998
900,GBT251,2005,20,12770,GBT,2005
900,GBT395,2014,0,12770,GBT,2014
900,GBT395,2015,4,12770,GBT,2015
900,GBT395,2016,17,12770,GBT,2016
900,GBT331,1999,3,12770,GBT,1999
900,GBT877,2019,56,12770,GBT,2019
900,GBT395,2017,5,12770,GBT,2017
900,GBT335,2009,7,12770,GBT,2009
900,GBT335,2010,16,12770,GBT,2010
900,GBT335,2012,18,12770,GBT,2012
900,GBT738,2003,10,12770,GBT,2003
900,GBT331,2007,3,12770,GBT,2007
900,GBT331,2008,4,12770,GBT,2008
900,GBT463,2012,41,12770,GBT,2012
900,GBT463,2013,24,12770,GBT,2013
900,GBT463,2014,23,12770,GBT,2014
900,GBT899,2018,14,12770,GBT,2018
900,GBT251,2008,16,12770,GBT,2008
900,GBT335,2007,7,12770,GBT,2007
900,GBT463,1998,19,12770,GBT,1998
900,GBT395,2018,11,12770,GBT,2018
900,GBT117,1999,3,12770,GBT,1999
900,GBT335,2011,6,12770,GBT,2011
900,GBT331,2006,1,12770,GBT,2006
900,GBT463,2010,26,12770,GBT,2010
900,GBT251,2004,17,12770,GBT,2004
900,GBT251,2016,23,12770,GBT,2016
900,GBT251,2017,16,12770,GBT,2017
900,GBT899,2016,38,12770,GBT,2016
900,GBT899,2017,25,12770,GBT,2017
900,GBT331,1998,3,12770,GBT,1998
900,GBT877,2018,40,12770,GBT,2018
900,GBT463,2009,17,12770,GBT,2009
900,GBT463,2001,24,12770,GBT,2001
900,GBT251,2009,6,12770,GBT,2009
900,GBT117,2000,1,12770,GBT,2000
900,GBT251,2007,12,12770,GBT,2007
900,GBT331,2004,3,12770,GBT,2004
900,GBT463,2011,29,12770,GBT,2011
900,GBT463,2007,19,12770,GBT,2007
900,GBT395,2019,26,12770,GBT,2019
900,GBT463,2008,18,12770,GBT,2008
900,GBT251,2018,14,12770,GBT,2018
900,GBT251,2006,15,12770,GBT,2006
900,GBT463,2004,24,12770,GBT,2004
900,GBT877,2016,44,12770,GBT,2016
900,GBT251,2014,18,12770,GBT,2014
900,GBT463,1999,19,12770,GBT,1999
900,GBT877,2017,36,12770,GBT,2017
900,GBT463,2000,19,12770,GBT,2000
900,GBT251,2012,46,12770,GBT,2012
900,GBT331,2005,4,12770,GBT,2005
900,GBT251,2015,25,12770,GBT,2015
900,GBT251,2019,17,12770,GBT,2019
900,GBT877,2015,35,12770,GBT,2015
900,GBT251,2013,19,12770,GBT,2013
900,GBT251,2011,30,12770,GBT,2011
900,GBT463,2006,18,12770,GBT,2006
900,GBT463,2005,18,12770,GBT,2005
900,GBT251,2010,16,12770,GBT,2010
900,GBT463,2002,18,12770,GBT,2002
900,GBT877,2014,24,12770,GBT,2014
900,GBT463,2003,23,12770,GBT,2003
901,GBT706,2008,0,12770,GBT,2008
901,GBT706,2009,0,12770,GBT,2009
901,GBT706,2007,0,12770,GBT,2007
901,GBT787,2011,16,12770,GBT,2011
901,GBT787,2012,11,12770,GBT,2012
901,GBT143,1999,21,12770,GBT,1999
901,GBT143,2000,9,12770,GBT,2000
901,GBT706,2006,11,12770,GBT,2006
901,GBT787,2010,8,12770,GBT,2010
901,GBT322,2013,12,12770,GBT,2013
901,GBT143,1998,17,12770,GBT,1998
901,GBT143,2001,0,12770,GBT,2001
901,GBT706,2010,0,12770,GBT,2010
901,GBT34,2008,3,12770,GBT,2008
901,GBT787,2015,12,12770,GBT,2015
901,GBT34,2006,3,12770,GBT,2006
901,GBT706,2005,16,12770,GBT,2005
901,GBT322,2012,34,12770,GBT,2012
901,GBT787,2009,9,12770,GBT,2009
901,GBT223,2000,13,12770,GBT,2000
901,GBT34,2007,8,12770,GBT,2007
901,GBT821,2013,7,12770,GBT,2013
901,GBT821,2014,11,12770,GBT,2014
901,GBT34,2009,9,12770,GBT,2009
901,GBT322,2014,13,12770,GBT,2014
901,GBT729,2004,13,12770,GBT,2004
901,GBT223,1998,18,12770,GBT,1998
901,GBT223,1999,0,12770,GBT,1999
901,GBT706,2004,24,12770,GBT,2004
901,GBT34,2010,8,12770,GBT,2010
901,GBT878,2016,4,12770,GBT,2016
901,GBT878,2017,9,12770,GBT,2017
901,GBT878,2018,5,12770,GBT,2018
901,GBT817,2015,15,12770,GBT,2015
901,GBT322,2010,18,12770,GBT,2010
901,GBT817,2014,18,12770,GBT,2014
901,GBT322,2007,17,12770,GBT,2007
901,GBT701,2000,18,12770,GBT,2000
901,GBT322,2011,28,12770,GBT,2011
901,GBT701,2003,13,12770,GBT,2003
901,GBT322,2015,21,12770,GBT,2015
901,GBT322,2016,34,12770,GBT,2016
901,GBT787,2013,5,12770,GBT,2013
901,GBT787,2016,17,12770,GBT,2016
901,GBT787,2018,10,12770,GBT,2018
901,GBT322,2009,18,12770,GBT,2009
901,GBT706,2013,12,12770,GBT,2013
901,GBT322,2008,9,12770,GBT,2008
901,GBT323,1999,13,12770,GBT,1999
901,GBT417,2002,18,12770,GBT,2002
901,GBT34,2005,5,12770,GBT,2005
901,GBT787,2007,0,12770,GBT,2007
901,GBT878,2015,4,12770,GBT,2015
901,GBT321,2004,0,12770,GBT,2004
901,GBT322,1998,14,12770,GBT,1998
901,GBT417,1998,8,12770,GBT,1998
901,GBT787,2014,15,12770,GBT,2014
901,GBT787,2017,13,12770,GBT,2017
901,GBT787,2019,18,12770,GBT,2019
901,GBT817,2012,21,12770,GBT,2012
901,GBT817,2013,20,12770,GBT,2013
901,GBT322,2006,20,12770,GBT,2006
901,GBT154,2019,37,12770,GBT,2019
901,GBT303,2009,13,12770,GBT,2009
901,GBT817,2016,11,12770,GBT,2016
901,GBT817,2017,16,12770,GBT,2017
901,GBT817,2018,12,12770,GBT,2018
901,GBT701,2004,15,12770,GBT,2004
901,GBT322,1999,14,12770,GBT,1999
901,GBT417,1999,17,12770,GBT,1999
901,GBT34,2011,10,12770,GBT,2011
901,GBT34,2013,4,12770,GBT,2013
901,GBT323,1998,15,12770,GBT,1998
901,GBT322,2005,19,12770,GBT,2005
901,GBT780,2015,27,12770,GBT,2015
901,GBT706,2012,19,12770,GBT,2012
901,GBT780,2014,21,12770,GBT,2014
901,GBT787,2008,5,12770,GBT,2008
901,GBT34,2004,11,12770,GBT,2004
901,GBT729,2003,10,12770,GBT,2003
901,GBT900,2015,6,12770,GBT,2015
901,GBT821,2012,11,12770,GBT,2012
901,GBT322,2000,13,12770,GBT,2000
901,GBT143,2002,12,12770,GBT,2002
901,GBT34,2012,13,12770,GBT,2012
901,GBT817,2011,15,12770,GBT,2011
901,GBT417,2001,0,12770,GBT,2001
901,GBT706,2011,14,12770,GBT,2011
901,GBT223,2009,10,12770,GBT,2009
901,GBT303,2007,25,12770,GBT,2007
901,GBT417,2003,24,12770,GBT,2003
901,GBT417,2005,28,12770,GBT,2005
901,GBT706,2014,16,12770,GBT,2014
901,GBT701,2001,15,12770,GBT,2001
901,GBT900,2016,5,12770,GBT,2016
901,GBT223,2005,13,12770,GBT,2005
901,GBT322,2017,19,12770,GBT,2017
901,GBT817,2010,20,12770,GBT,2010
901,GBT303,2005,28,12770,GBT,2005
901,GBT793,2019,17,12770,GBT,2019
901,GBT322,2019,23,12770,GBT,2019
901,GBT303,2006,0,12770,GBT,2006
901,GBT322,2004,12,12770,GBT,2004
901,GBT303,2008,16,12770,GBT,2008
901,GBT303,2010,14,12770,GBT,2010
901,GBT417,2006,24,12770,GBT,2006
901,GBT417,2007,24,12770,GBT,2007
901,GBT223,2001,0,12770,GBT,2001
901,GBT729,2005,20,12770,GBT,2005
901,GBT729,2006,11,12770,GBT,2006
901,GBT729,2007,10,12770,GBT,2007
901,GBT729,2008,10,12770,GBT,2008
901,GBT322,2002,9,12770,GBT,2002
901,GBT154,2015,32,12770,GBT,2015
901,GBT322,2003,15,12770,GBT,2003
901,GBT780,2013,21,12770,GBT,2013
901,GBT716,2009,16,12770,GBT,2009
901,GBT780,2016,27,12770,GBT,2016
901,GBT162,1998,12,12770,GBT,1998
901,GBT162,1999,14,12770,GBT,1999
901,GBT162,2000,11,12770,GBT,2000
901,GBT701,2005,16,12770,GBT,2005
901,GBT701,2006,13,12770,GBT,2006
901,GBT223,2006,17,12770,GBT,2006
901,GBT223,2007,18,12770,GBT,2007
901,GBT417,2000,21,12770,GBT,2000
901,GBT322,2018,22,12770,GBT,2018
901,GBT223,2008,14,12770,GBT,2008
901,GBT226,1999,14,12770,GBT,1999
901,GBT226,2000,19,12770,GBT,2000
901,GBT226,2001,16,12770,GBT,2001
901,GBT417,2004,29,12770,GBT,2004
901,GBT317,1999,6,12770,GBT,1999
901,GBT708,2000,3,12770,GBT,2000
901,GBT162,2002,10,12770,GBT,2002
901,GBT162,2003,0,12770,GBT,2003
901,GBT945,2019,35,12770,GBT,2019
901,GBT878,2019,8,12770,GBT,2019
901,GBT793,2018,10,12770,GBT,2018
901,GBT303,2004,23,12770,GBT,2004
901,GBT226,1998,7,12770,GBT,1998
901,GBT348,2002,5,12770,GBT,2002
901,GBT716,2008,21,12770,GBT,2008
901,GBT349,1999,12,12770,GBT,1999
901,GBT330,2011,11,12770,GBT,2011
901,GBT226,2003,17,12770,GBT,2003
901,GBT317,2000,4,12770,GBT,2000
901,GBT701,2002,19,12770,GBT,2002
901,GBT223,2003,7,12770,GBT,2003
901,GBT223,2004,19,12770,GBT,2004
901,GBT701,2007,13,12770,GBT,2007
901,GBT817,2009,6,12770,GBT,2009
901,GBT322,2001,18,12770,GBT,2001
901,GBT716,2007,28,12770,GBT,2007
901,GBT742,2005,29,12770,GBT,2005
901,GBT742,2006,22,12770,GBT,2006
901,GBT34,1998,9,12770,GBT,1998
901,GBT716,2010,18,12770,GBT,2010
901,GBT780,2017,18,12770,GBT,2017
901,GBT226,2004,15,12770,GBT,2004
901,GBT226,2005,21,12770,GBT,2005
901,GBT226,2006,25,12770,GBT,2006
901,GBT851,2017,10,12770,GBT,2017
901,GBT793,2016,12,12770,GBT,2016
901,GBT780,2012,32,12770,GBT,2012
901,GBT716,2006,16,12770,GBT,2006
901,GBT223,2019,27,12770,GBT,2019
901,GBT780,2011,25,12770,GBT,2011
901,GBT348,2000,9,12770,GBT,2000
901,GBT348,2003,8,12770,GBT,2003
901,GBT34,1999,11,12770,GBT,1999
901,GBT226,2002,16,12770,GBT,2002
901,GBT780,2018,17,12770,GBT,2018
901,GBT780,2019,14,12770,GBT,2019
901,GBT716,2000,12,12770,GBT,2000
901,GBT780,2007,10,12770,GBT,2007
901,GBT851,2018,14,12770,GBT,2018
901,GBT851,2019,16,12770,GBT,2019
901,GBT793,2017,12,12770,GBT,2017
901,GBT900,2019,5,12770,GBT,2019
901,GBT303,2003,12,12770,GBT,2003
901,GBT785,2014,14,12770,GBT,2014
901,GBT785,2015,19,12770,GBT,2015
901,GBT349,1998,10,12770,GBT,1998
901,GBT154,2003,28,12770,GBT,2003
901,GBT34,2002,5,12770,GBT,2002
901,GBT34,2003,7,12770,GBT,2003
901,GBT317,2001,3,12770,GBT,2001
901,GBT417,2008,10,12770,GBT,2008
901,GBT780,2008,24,12770,GBT,2008
901,GBT716,2005,18,12770,GBT,2005
901,GBT900,2018,4,12770,GBT,2018
901,GBT780,2010,28,12770,GBT,2010
901,GBT716,2004,15,12770,GBT,2004
901,GBT348,1998,6,12770,GBT,1998
901,GBT708,2002,5,12770,GBT,2002
901,GBT154,2016,31,12770,GBT,2016
901,GBT154,2017,21,12770,GBT,2017
901,GBT793,2008,11,12770,GBT,2008
901,GBT317,1998,1,12770,GBT,1998
901,GBT706,2003,17,12770,GBT,2003
901,GBT878,2014,4,12770,GBT,2014
901,GBT945,2017,12,12770,GBT,2017
901,GBT223,2017,14,12770,GBT,2017
901,GBT780,2009,17,12770,GBT,2009
901,GBT223,2018,28,12770,GBT,2018
901,GBT793,2014,13,12770,GBT,2014
901,GBT884,2015,10,12770,GBT,2015
901,GBT884,2016,13,12770,GBT,2016
901,GBT348,2001,6,12770,GBT,2001
901,GBT154,2000,14,12770,GBT,2000
901,GBT154,2018,23,12770,GBT,2018
901,GBT785,2019,27,12770,GBT,2019
901,GBT223,2013,13,12770,GBT,2013
901,GBT223,2014,16,12770,GBT,2014
901,GBT817,2019,15,12770,GBT,2019
901,GBT900,2017,4,12770,GBT,2017
901,GBT369,2002,8,12770,GBT,2002
901,GBT625,2005,18,12770,GBT,2005
901,GBT716,2003,20,12770,GBT,2003
901,GBT708,2001,3,12770,GBT,2001
901,GBT742,2003,4,12770,GBT,2003
901,GBT884,2017,5,12770,GBT,2017
901,GBT884,2018,5,12770,GBT,2018
901,GBT154,2001,23,12770,GBT,2001
901,GBT154,2002,16,12770,GBT,2002
901,GBT787,2005,8,12770,GBT,2005
901,GBT787,2006,4,12770,GBT,2006
901,GBT223,2015,28,12770,GBT,2015
901,GBT821,2010,8,12770,GBT,2010
901,GBT945,2018,23,12770,GBT,2018
901,GBT821,2011,18,12770,GBT,2011
901,GBT369,2000,5,12770,GBT,2000
901,GBT323,2003,7,12770,GBT,2003
901,GBT785,2011,28,12770,GBT,2011
901,GBT742,2004,7,12770,GBT,2004
901,GBT154,1998,15,12770,GBT,1998
901,GBT317,2007,10,12770,GBT,2007
901,GBT321,1998,15,12770,GBT,1998
901,GBT223,2010,30,12770,GBT,2010
901,GBT323,2000,5,12770,GBT,2000
901,GBT321,2002,13,12770,GBT,2002
901,GBT321,2003,14,12770,GBT,2003
901,GBT716,2001,14,12770,GBT,2001
901,GBT793,2013,11,12770,GBT,2013
901,GBT851,2015,16,12770,GBT,2015
901,GBT785,2010,18,12770,GBT,2010
901,GBT716,2015,16,12770,GBT,2015
901,GBT785,2012,31,12770,GBT,2012
901,GBT750,2004,9,12770,GBT,2004
901,GBT154,1999,18,12770,GBT,1999
901,GBT708,2005,5,12770,GBT,2005
901,GBT321,1999,13,12770,GBT,1999
901,GBT321,2000,15,12770,GBT,2000
901,GBT323,2001,8,12770,GBT,2001
901,GBT323,2002,3,12770,GBT,2002
901,GBT793,2015,18,12770,GBT,2015
901,GBT851,2016,15,12770,GBT,2016
901,GBT793,2012,26,12770,GBT,2012
901,GBT945,2015,14,12770,GBT,2015
901,GBT625,2004,26,12770,GBT,2004
901,GBT154,2009,16,12770,GBT,2009
901,GBT785,2013,15,12770,GBT,2013
901,GBT750,2005,20,12770,GBT,2005
901,GBT742,2007,22,12770,GBT,2007
901,GBT750,2007,12,12770,GBT,2007
901,GBT154,2004,29,12770,GBT,2004
901,GBT321,2001,14,12770,GBT,2001
901,GBT706,2002,13,12770,GBT,2002
901,GBT945,2016,35,12770,GBT,2016
901,GBT223,2016,22,12770,GBT,2016
901,GBT742,2011,20,12770,GBT,2011
901,GBT369,1999,2,12770,GBT,1999
901,GBT716,2014,17,12770,GBT,2014
901,GBT785,2009,17,12770,GBT,2009
901,GBT317,2002,1,12770,GBT,2002
901,GBT348,1999,5,12770,GBT,1999
901,GBT708,2004,5,12770,GBT,2004
901,GBT750,2006,8,12770,GBT,2006
901,GBT34,2000,12,12770,GBT,2000
901,GBT793,2009,7,12770,GBT,2009
901,GBT793,2010,15,12770,GBT,2010
901,GBT793,2011,24,12770,GBT,2011
901,GBT851,2014,12,12770,GBT,2014
901,GBT223,2012,32,12770,GBT,2012
901,GBT945,2014,12,12770,GBT,2014
901,GBT625,2003,14,12770,GBT,2003
901,GBT716,2012,16,12770,GBT,2012
901,GBT154,2008,20,12770,GBT,2008
901,GBT317,2004,3,12770,GBT,2004
901,GBT317,2005,4,12770,GBT,2005
901,GBT708,2003,5,12770,GBT,2003
901,GBT625,1999,24,12770,GBT,1999
901,GBT34,2001,5,12770,GBT,2001
901,GBT706,2001,18,12770,GBT,2001
901,GBT750,2011,10,12770,GBT,2011
901,GBT369,1998,10,12770,GBT,1998
901,GBT742,2010,7,12770,GBT,2010
901,GBT154,2007,28,12770,GBT,2007
901,GBT716,2011,25,12770,GBT,2011
901,GBT945,2012,21,12770,GBT,2012
901,GBT716,2013,13,12770,GBT,2013
901,GBT317,2003,5,12770,GBT,2003
901,GBT154,2012,52,12770,GBT,2012
901,GBT154,2013,20,12770,GBT,2013
901,GBT317,2006,0,12770,GBT,2006
901,GBT750,2008,12,12770,GBT,2008
901,GBT154,2005,28,12770,GBT,2005
901,GBT223,2011,20,12770,GBT,2011
901,GBT851,2013,10,12770,GBT,2013
901,GBT349,2000,11,12770,GBT,2000
901,GBT945,2013,10,12770,GBT,2013
901,GBT625,2002,23,12770,GBT,2002
901,GBT349,2001,8,12770,GBT,2001
901,GBT349,2002,5,12770,GBT,2002
901,GBT369,2001,6,12770,GBT,2001
901,GBT154,2011,54,12770,GBT,2011
901,GBT884,2014,12,12770,GBT,2014
901,GBT303,2001,8,12770,GBT,2001
901,GBT330,2007,9,12770,GBT,2007
901,GBT750,2009,7,12770,GBT,2009
901,GBT750,2010,11,12770,GBT,2010
901,GBT154,2006,32,12770,GBT,2006
901,GBT706,2000,22,12770,GBT,2000
901,GBT330,2010,9,12770,GBT,2010
901,GBT785,2017,19,12770,GBT,2017
901,GBT742,2009,28,12770,GBT,2009
901,GBT785,2018,23,12770,GBT,2018
901,GBT330,1999,26,12770,GBT,1999
901,GBT154,2010,27,12770,GBT,2010
901,GBT303,1999,0,12770,GBT,1999
901,GBT303,2000,17,12770,GBT,2000
901,GBT154,2014,12,12770,GBT,2014
901,GBT625,2000,18,12770,GBT,2000
901,GBT625,2001,18,12770,GBT,2001
901,GBT851,2012,13,12770,GBT,2012
901,GBT330,2009,7,12770,GBT,2009
901,GBT785,2016,35,12770,GBT,2016
901,GBT785,2006,19,12770,GBT,2006
901,GBT303,1998,18,12770,GBT,1998
901,GBT330,2000,17,12770,GBT,2000
901,GBT785,2008,16,12770,GBT,2008
901,GBT625,1998,18,12770,GBT,1998
901,GBT330,2008,5,12770,GBT,2008
901,GBT742,2008,17,12770,GBT,2008
901,GBT330,2002,16,12770,GBT,2002
901,GBT945,2011,17,12770,GBT,2011
901,GBT330,1998,13,12770,GBT,1998
901,GBT330,2005,6,12770,GBT,2005
901,GBT785,2007,25,12770,GBT,2007
901,GBT330,2001,14,12770,GBT,2001
901,GBT303,2002,9,12770,GBT,2002
901,GBT330,2006,15,12770,GBT,2006
901,GBT330,2004,18,12770,GBT,2004
901,GBT330,2003,18,12770,GBT,2003
902,GBT296,1998,18,12770,GBT,1998
902,GBT295,2019,17,12770,GBT,2019
902,GBT118,2000,2,12770,GBT,2000
902,GBT118,2001,0,12770,GBT,2001
902,GBT408,2009,14,12770,GBT,2009
902,GBT444,1998,13,12770,GBT,1998
902,GBT295,2017,25,12770,GBT,2017
902,GBT408,2001,11,12770,GBT,2001
902,GBT118,2002,3,12770,GBT,2002
902,GBT408,2010,24,12770,GBT,2010
902,GBT295,2013,25,12770,GBT,2013
902,GBT447,2005,8,12770,GBT,2005
902,GBT408,2002,13,12770,GBT,2002
902,GBT378,1999,4,12770,GBT,1999
902,GBT118,1999,6,12770,GBT,1999
902,GBT408,2004,18,12770,GBT,2004
902,GBT447,2006,8,12770,GBT,2006
902,GBT444,2002,10,12770,GBT,2002
902,GBT408,2003,7,12770,GBT,2003
902,GBT295,2012,37,12770,GBT,2012
902,GBT378,1998,4,12770,GBT,1998
902,GBT408,2000,11,12770,GBT,2000
902,GBT447,2007,7,12770,GBT,2007
902,GBT408,2011,21,12770,GBT,2011
902,GBT295,2011,33,12770,GBT,2011
902,GBT408,2015,20,12770,GBT,2015
902,GBT295,2005,19,12770,GBT,2005
902,GBT295,2018,26,12770,GBT,2018
902,GBT408,2014,0,12770,GBT,2014
902,GBT444,2001,16,12770,GBT,2001
902,GBT447,2004,13,12770,GBT,2004
902,GBT444,2003,19,12770,GBT,2003
902,GBT408,2007,19,12770,GBT,2007
902,GBT295,2016,22,12770,GBT,2016
902,GBT447,2008,14,12770,GBT,2008
902,GBT295,2004,14,12770,GBT,2004
902,GBT295,2014,25,12770,GBT,2014
902,GBT295,2007,18,12770,GBT,2007
902,GBT295,2008,23,12770,GBT,2008
902,GBT408,2008,22,12770,GBT,2008
902,GBT295,2006,30,12770,GBT,2006
902,GBT408,2006,15,12770,GBT,2006
902,GBT295,2010,22,12770,GBT,2010
902,GBT385,1999,11,12770,GBT,1999
902,GBT385,2000,11,12770,GBT,2000
902,GBT385,2001,19,12770,GBT,2001
902,GBT295,2015,33,12770,GBT,2015
902,GBT408,1999,15,12770,GBT,1999
902,GBT796,2012,29,12770,GBT,2012
902,GBT796,2013,15,12770,GBT,2013
902,GBT378,2000,5,12770,GBT,2000
902,GBT408,2013,18,12770,GBT,2013
902,GBT444,1999,11,12770,GBT,1999
902,GBT118,1998,0,12770,GBT,1998
902,GBT444,2000,12,12770,GBT,2000
902,GBT385,1998,6,12770,GBT,1998
902,GBT324,2005,10,12770,GBT,2005
902,GBT839,2012,18,12770,GBT,2012
902,GBT839,2013,11,12770,GBT,2013
902,GBT385,2003,6,12770,GBT,2003
902,GBT295,2003,20,12770,GBT,2003
902,GBT385,2004,9,12770,GBT,2004
902,GBT444,2017,14,12770,GBT,2017
902,GBT796,2014,18,12770,GBT,2014
902,GBT796,2015,22,12770,GBT,2015
902,GBT378,2003,2,12770,GBT,2003
902,GBT839,2011,14,12770,GBT,2011
902,GBT408,2005,20,12770,GBT,2005
902,GBT444,2012,17,12770,GBT,2012
902,GBT296,1999,7,12770,GBT,1999
902,GBT324,2003,10,12770,GBT,2003
902,GBT796,2007,10,12770,GBT,2007
902,GBT896,2014,10,12770,GBT,2014
902,GBT385,2002,9,12770,GBT,2002
902,GBT761,2009,9,12770,GBT,2009
902,GBT444,2018,11,12770,GBT,2018
902,GBT444,2019,19,12770,GBT,2019
902,GBT447,2009,8,12770,GBT,2009
902,GBT796,2016,21,12770,GBT,2016
902,GBT295,2009,13,12770,GBT,2009
902,GBT378,2005,3,12770,GBT,2005
902,GBT796,2019,22,12770,GBT,2019
902,GBT324,2002,8,12770,GBT,2002
902,GBT447,2015,26,12770,GBT,2015
902,GBT447,2016,20,12770,GBT,2016
902,GBT378,2006,5,12770,GBT,2006
902,GBT295,2002,20,12770,GBT,2002
902,GBT896,2015,26,12770,GBT,2015
902,GBT444,2004,11,12770,GBT,2004
902,GBT796,2011,28,12770,GBT,2011
902,GBT447,1999,9,12770,GBT,1999
902,GBT408,2012,34,12770,GBT,2012
902,GBT378,2002,4,12770,GBT,2002
902,GBT796,2018,19,12770,GBT,2018
902,GBT447,2013,14,12770,GBT,2013
902,GBT447,2003,10,12770,GBT,2003
902,GBT378,2018,0,12770,GBT,2018
902,GBT324,1999,7,12770,GBT,1999
902,GBT324,2004,16,12770,GBT,2004
902,GBT839,2014,16,12770,GBT,2014
902,GBT796,2009,15,12770,GBT,2009
902,GBT324,2008,17,12770,GBT,2008
902,GBT444,2005,13,12770,GBT,2005
902,GBT444,2016,16,12770,GBT,2016
902,GBT447,2000,10,12770,GBT,2000
902,GBT447,2001,7,12770,GBT,2001
902,GBT378,2001,3,12770,GBT,2001
902,GBT444,2011,12,12770,GBT,2011
902,GBT447,2012,17,12770,GBT,2012
902,GBT447,2011,13,12770,GBT,2011
902,GBT378,2016,9,12770,GBT,2016
902,GBT378,2017,5,12770,GBT,2017
902,GBT796,2008,15,12770,GBT,2008
902,GBT296,2000,13,12770,GBT,2000
902,GBT296,2001,0,12770,GBT,2001
902,GBT295,2001,20,12770,GBT,2001
902,GBT444,2006,13,12770,GBT,2006
902,GBT444,2015,21,12770,GBT,2015
902,GBT447,2010,17,12770,GBT,2010
902,GBT444,2010,9,12770,GBT,2010
902,GBT447,2002,7,12770,GBT,2002
902,GBT324,2000,10,12770,GBT,2000
902,GBT324,1998,13,12770,GBT,1998
902,GBT296,2006,9,12770,GBT,2006
902,GBT378,2014,3,12770,GBT,2014
902,GBT378,2013,5,12770,GBT,2013
902,GBT761,2005,12,12770,GBT,2005
902,GBT324,2006,15,12770,GBT,2006
902,GBT378,2007,9,12770,GBT,2007
902,GBT761,2008,11,12770,GBT,2008
902,GBT896,2017,17,12770,GBT,2017
902,GBT896,2018,29,12770,GBT,2018
902,GBT444,2007,0,12770,GBT,2007
902,GBT444,2009,12,12770,GBT,2009
902,GBT378,2015,2,12770,GBT,2015
902,GBT839,2019,22,12770,GBT,2019
902,GBT296,2004,12,12770,GBT,2004
902,GBT378,2010,11,12770,GBT,2010
902,GBT378,2012,17,12770,GBT,2012
902,GBT378,2011,1,12770,GBT,2011
902,GBT444,2014,0,12770,GBT,2014
902,GBT324,2007,21,12770,GBT,2007
902,GBT896,2016,20,12770,GBT,2016
902,GBT761,2007,15,12770,GBT,2007
902,GBT839,2018,20,12770,GBT,2018
902,GBT839,2017,23,12770,GBT,2017
902,GBT444,2008,0,12770,GBT,2008
902,GBT896,2019,27,12770,GBT,2019
902,GBT839,2015,18,12770,GBT,2015
902,GBT839,2016,14,12770,GBT,2016
902,GBT378,2009,7,12770,GBT,2009
902,GBT796,2010,12,12770,GBT,2010
902,GBT296,2003,9,12770,GBT,2003
902,GBT447,2019,20,12770,GBT,2019
902,GBT447,2017,15,12770,GBT,2017
902,GBT296,2005,16,12770,GBT,2005
902,GBT295,1998,15,12770,GBT,1998
902,GBT295,2000,13,12770,GBT,2000
902,GBT378,2008,6,12770,GBT,2008
902,GBT444,2013,12,12770,GBT,2013
902,GBT296,2002,5,12770,GBT,2002
902,GBT447,2018,13,12770,GBT,2018
902,GBT761,2006,17,12770,GBT,2006
902,GBT295,1999,13,12770,GBT,1999
903,GBT895,2016,16,12770,GBT,2016
903,GBT895,2019,15,12770,GBT,2019
903,GBT904,2018,2,12770,GBT,2018
903,GBT904,2019,0,12770,GBT,2019
903,GBT885,2014,2,12770,GBT,2014
903,GBT885,2015,2,12770,GBT,2015
903,GBT885,2016,1,12770,GBT,2016
903,GBT895,2018,11,12770,GBT,2018
903,GBT895,2014,6,12770,GBT,2014
903,GBT895,2015,8,12770,GBT,2015
903,GBT885,2019,0,12770,GBT,2019
903,GBT895,2017,10,12770,GBT,2017
903,GBT885,2017,1,12770,GBT,2017
903,GBT885,2018,0,12770,GBT,2018
903,GBT904,2017,1,12770,GBT,2017
903,GBT904,2015,1,12770,GBT,2015
903,GBT904,2016,1,12770,GBT,2016
934,GBT844,2012,44,12770,GBT,2012
934,GBT844,2017,27,12770,GBT,2017
934,GBT844,2014,21,12770,GBT,2014
934,GBT844,2015,16,12770,GBT,2015
934,GBT844,2011,21,12770,GBT,2011
934,GBT844,2016,0,12770,GBT,2016
934,GBT844,2013,22,12770,GBT,2013
934,GBT844,2019,54,12770,GBT,2019
934,GBT844,2018,42,12770,GBT,2018
935,GBT751,2016,7,12770,GBT,2016
935,GBT751,2013,8,12770,GBT,2013
935,GBT751,2015,14,12770,GBT,2015
935,GBT751,2014,8,12770,GBT,2014
935,GBT751,2012,12,12770,GBT,2012
935,GBT751,2011,9,12770,GBT,2011
935,GBT751,2010,3,12770,GBT,2010
935,GBT751,2005,9,12770,GBT,2005
935,GBT751,2017,8,12770,GBT,2017
935,GBT751,2009,1,12770,GBT,2009
935,GBT751,2007,2,12770,GBT,2007
935,GBT751,2008,3,12770,GBT,2008
935,GBT751,2004,4,12770,GBT,2004
935,GBT751,2006,5,12770,GBT,2006
936,GBT788,2011,3,12770,GBT,2011
936,GBT351,2011,0,12770,GBT,2011
936,GBT847,2015,12,12770,GBT,2015
936,GBT351,2006,2,12770,GBT,2006
936,GBT351,2012,0,12770,GBT,2012
936,GBT847,2013,11,12770,GBT,2013
936,GBT847,2017,10,12770,GBT,2017
936,GBT351,2010,3,12770,GBT,2010
936,GBT847,2014,14,12770,GBT,2014
936,GBT847,2016,22,12770,GBT,2016
936,GBT788,2010,2,12770,GBT,2010
936,GBT351,2008,0,12770,GBT,2008
936,GBT788,2009,3,12770,GBT,2009
936,GBT351,1999,9,12770,GBT,1999
936,GBT351,1998,5,12770,GBT,1998
936,GBT847,2018,0,12770,GBT,2018
936,GBT351,2007,0,12770,GBT,2007
936,GBT351,2002,14,12770,GBT,2002
936,GBT351,2009,4,12770,GBT,2009
936,GBT351,2004,6,12770,GBT,2004
936,GBT788,2008,4,12770,GBT,2008
936,GBT847,2012,29,12770,GBT,2012
936,GBT351,2001,8,12770,GBT,2001
936,GBT351,2003,3,12770,GBT,2003
936,GBT351,2005,4,12770,GBT,2005
936,GBT788,2007,7,12770,GBT,2007
936,GBT847,2011,13,12770,GBT,2011
936,GBT351,2000,3,12770,GBT,2000
937,GBT135,2004,0,12770,GBT,2004
937,GBT854,2016,25,12770,GBT,2016
937,GBT854,2014,7,12770,GBT,2014
937,GBT854,2018,24,12770,GBT,2018
937,GBT279,1999,11,12770,GBT,1999
937,GBT135,2003,4,12770,GBT,2003
937,GBT854,2017,16,12770,GBT,2017
937,GBT279,2000,10,12770,GBT,2000
937,GBT279,1998,16,12770,GBT,1998
937,GBT903,2015,60,12770,GBT,2015
937,GBT854,2019,51,12770,GBT,2019
937,GBT853,2018,7,12770,GBT,2018
937,GBT824,2019,11,12770,GBT,2019
937,GBT279,2007,0,12770,GBT,2007
937,GBT854,2012,20,12770,GBT,2012
937,GBT135,2000,0,12770,GBT,2000
937,GBT854,2015,12,12770,GBT,2015
937,GBT774,2009,20,12770,GBT,2009
937,GBT774,2010,23,12770,GBT,2010
937,GBT279,2002,7,12770,GBT,2002
937,GBT774,2011,36,12770,GBT,2011
937,GBT854,2013,11,12770,GBT,2013
937,GBT279,2001,12,12770,GBT,2001
937,GBT853,2019,14,12770,GBT,2019
937,GBT853,2016,13,12770,GBT,2016
937,GBT279,2019,13,12770,GBT,2019
937,GBT903,2019,92,12770,GBT,2019
937,GBT135,1999,3,12770,GBT,1999
937,GBT903,2016,77,12770,GBT,2016
937,GBT853,2012,4,12770,GBT,2012
937,GBT824,2018,6,12770,GBT,2018
937,GBT774,2012,42,12770,GBT,2012
937,GBT774,2013,22,12770,GBT,2013
937,GBT853,2014,4,12770,GBT,2014
937,GBT853,2017,5,12770,GBT,2017
937,GBT396,2004,4,12770,GBT,2004
937,GBT853,2015,8,12770,GBT,2015
937,GBT774,2008,15,12770,GBT,2008
937,GBT824,2016,5,12770,GBT,2016
937,GBT279,2004,0,12770,GBT,2004
937,GBT774,2007,18,12770,GBT,2007
937,GBT279,2009,6,12770,GBT,2009
937,GBT903,2017,63,12770,GBT,2017
937,GBT769,2009,0,12770,GBT,2009
937,GBT279,2008,8,12770,GBT,2008
937,GBT853,2013,2,12770,GBT,2013
937,GBT279,2006,7,12770,GBT,2006
937,GBT279,2010,16,12770,GBT,2010
937,GBT769,2007,8,12770,GBT,2007
937,GBT135,1998,1,12770,GBT,1998
937,GBT824,2017,5,12770,GBT,2017
937,GBT824,2015,7,12770,GBT,2015
937,GBT774,2014,20,12770,GBT,2014
937,GBT279,2003,10,12770,GBT,2003
937,GBT396,2003,2,12770,GBT,2003
937,GBT769,2010,0,12770,GBT,2010
937,GBT769,2008,1,12770,GBT,2008
937,GBT279,2016,15,12770,GBT,2016
937,GBT279,2018,15,12770,GBT,2018
937,GBT903,2018,38,12770,GBT,2018
937,GBT824,2014,2,12770,GBT,2014
937,GBT279,2017,12,12770,GBT,2017
937,GBT774,2015,29,12770,GBT,2015
937,GBT769,2006,3,12770,GBT,2006
937,GBT396,2005,0,12770,GBT,2005
937,GBT396,2002,6,12770,GBT,2002
937,GBT279,2005,12,12770,GBT,2005
937,GBT396,2000,4,12770,GBT,2000
937,GBT774,2016,33,12770,GBT,2016
937,GBT396,1999,2,12770,GBT,1999
937,GBT396,2001,4,12770,GBT,2001
937,GBT824,2013,2,12770,GBT,2013
937,GBT279,2015,16,12770,GBT,2015
937,GBT824,2010,7,12770,GBT,2010
937,GBT824,2011,11,12770,GBT,2011
937,GBT279,2011,13,12770,GBT,2011
937,GBT396,1998,7,12770,GBT,1998
937,GBT279,2014,7,12770,GBT,2014
937,GBT279,2012,0,12770,GBT,2012
937,GBT279,2013,11,12770,GBT,2013
937,GBT824,2012,12,12770,GBT,2012
938,GBT405,2004,16,12770,GBT,2004
938,GBT405,2002,8,12770,GBT,2002
938,GBT400,2005,0,12770,GBT,2005
938,GBT352,2006,5,12770,GBT,2006
938,GBT352,2005,2,12770,GBT,2005
938,GBT352,2012,14,12770,GBT,2012
938,GBT352,2003,4,12770,GBT,2003
938,GBT352,2004,2,12770,GBT,2004
938,GBT352,2002,3,12770,GBT,2002
938,GBT405,2006,12,12770,GBT,2006
938,GBT400,2004,0,12770,GBT,2004
938,GBT352,1998,4,12770,GBT,1998
938,GBT405,2003,10,12770,GBT,2003
938,GBT352,2010,9,12770,GBT,2010
938,GBT868,2014,7,12770,GBT,2014
938,GBT405,2001,18,12770,GBT,2001
938,GBT352,2007,1,12770,GBT,2007
938,GBT352,1999,8,12770,GBT,1999
938,GBT393,2004,2,12770,GBT,2004
938,GBT405,2007,15,12770,GBT,2007
938,GBT352,2011,10,12770,GBT,2011
938,GBT352,2009,3,12770,GBT,2009
938,GBT405,2005,24,12770,GBT,2005
938,GBT868,2017,20,12770,GBT,2017
938,GBT405,2000,16,12770,GBT,2000
938,GBT881,2014,7,12770,GBT,2014
938,GBT393,2003,16,12770,GBT,2003
938,GBT405,2014,6,12770,GBT,2014
938,GBT352,2000,4,12770,GBT,2000
938,GBT405,2008,19,12770,GBT,2008
938,GBT400,2003,0,12770,GBT,2003
938,GBT411,2019,6,12770,GBT,2019
938,GBT868,2016,15,12770,GBT,2016
938,GBT352,2008,5,12770,GBT,2008
938,GBT405,2010,10,12770,GBT,2010
938,GBT405,2011,8,12770,GBT,2011
938,GBT405,1999,10,12770,GBT,1999
938,GBT405,2012,6,12770,GBT,2012
938,GBT400,2000,0,12770,GBT,2000
938,GBT400,2002,0,12770,GBT,2002
938,GBT352,2013,5,12770,GBT,2013
938,GBT352,2016,10,12770,GBT,2016
938,GBT868,2012,8,12770,GBT,2012
938,GBT868,2015,11,12770,GBT,2015
938,GBT352,2019,7,12770,GBT,2019
938,GBT411,2000,4,12770,GBT,2000
938,GBT710,2000,15,12770,GBT,2000
938,GBT857,2015,11,12770,GBT,2015
938,GBT405,2009,12,12770,GBT,2009
938,GBT411,2002,5,12770,GBT,2002
938,GBT393,2001,1,12770,GBT,2001
938,GBT400,1999,0,12770,GBT,1999
938,GBT868,2018,9,12770,GBT,2018
938,GBT411,2018,3,12770,GBT,2018
938,GBT411,2005,7,12770,GBT,2005
938,GBT352,2014,5,12770,GBT,2014
938,GBT868,2013,8,12770,GBT,2013
938,GBT352,2018,4,12770,GBT,2018
938,GBT857,2014,11,12770,GBT,2014
938,GBT857,2013,13,12770,GBT,2013
938,GBT857,2012,14,12770,GBT,2012
938,GBT710,2002,13,12770,GBT,2002
938,GBT393,2002,2,12770,GBT,2002
938,GBT411,1999,8,12770,GBT,1999
938,GBT857,2016,9,12770,GBT,2016
938,GBT411,2017,5,12770,GBT,2017
938,GBT857,2018,12,12770,GBT,2018
938,GBT710,2004,7,12770,GBT,2004
938,GBT857,2019,23,12770,GBT,2019
938,GBT352,2017,3,12770,GBT,2017
938,GBT352,2015,12,12770,GBT,2015
938,GBT881,2018,6,12770,GBT,2018
938,GBT881,2017,15,12770,GBT,2017
938,GBT411,2011,12,12770,GBT,2011
938,GBT393,2000,0,12770,GBT,2000
938,GBT710,2001,11,12770,GBT,2001
938,GBT393,1999,2,12770,GBT,1999
938,GBT400,1998,8,12770,GBT,1998
938,GBT857,2017,7,12770,GBT,2017
938,GBT411,2004,3,12770,GBT,2004
938,GBT411,2010,7,12770,GBT,2010
938,GBT710,2005,9,12770,GBT,2005
938,GBT881,2015,2,12770,GBT,2015
938,GBT868,2019,0,12770,GBT,2019
938,GBT393,1998,1,12770,GBT,1998
938,GBT411,2009,5,12770,GBT,2009
938,GBT710,2008,12,12770,GBT,2008
938,GBT411,2012,10,12770,GBT,2012
938,GBT710,2003,9,12770,GBT,2003
938,GBT411,2013,5,12770,GBT,2013
938,GBT411,2014,6,12770,GBT,2014
938,GBT411,2016,8,12770,GBT,2016
938,GBT411,2007,4,12770,GBT,2007
938,GBT881,2019,13,12770,GBT,2019
938,GBT411,2008,5,12770,GBT,2008
938,GBT411,2006,5,12770,GBT,2006
938,GBT411,2003,6,12770,GBT,2003
938,GBT710,2006,11,12770,GBT,2006
938,GBT881,2016,5,12770,GBT,2016
938,GBT710,2007,7,12770,GBT,2007
938,GBT411,2015,4,12770,GBT,2015
939,GBT757,2008,0,12770,GBT,2008
939,GBT740,2004,5,12770,GBT,2004
939,GBT872,2019,28,12770,GBT,2019
939,GBT740,2003,4,12770,GBT,2003
939,GBT872,2017,23,12770,GBT,2017
939,GBT740,2005,9,12770,GBT,2005
939,GBT86,2003,11,12770,GBT,2003
939,GBT872,2018,22,12770,GBT,2018
939,GBT872,2016,32,12770,GBT,2016
939,GBT374,2006,8,12770,GBT,2006
939,GBT86,2000,4,12770,GBT,2000
939,GBT757,2006,10,12770,GBT,2006
939,GBT740,2006,7,12770,GBT,2006
939,GBT374,2001,14,12770,GBT,2001
939,GBT374,2002,14,12770,GBT,2002
939,GBT86,2001,6,12770,GBT,2001
939,GBT757,2005,9,12770,GBT,2005
939,GBT872,2015,27,12770,GBT,2015
939,GBT86,2002,9,12770,GBT,2002
939,GBT374,2000,19,12770,GBT,2000
939,GBT374,1999,16,12770,GBT,1999
939,GBT757,2009,14,12770,GBT,2009
939,GBT86,2004,15,12770,GBT,2004
939,GBT86,1999,7,12770,GBT,1999
939,GBT374,2004,13,12770,GBT,2004
939,GBT757,2007,8,12770,GBT,2007
939,GBT374,2005,5,12770,GBT,2005
939,GBT872,2013,21,12770,GBT,2013
939,GBT86,2006,7,12770,GBT,2006
939,GBT871,2013,14,12770,GBT,2013
939,GBT374,1998,18,12770,GBT,1998
939,GBT757,2010,9,12770,GBT,2010
939,GBT871,2014,26,12770,GBT,2014
939,GBT871,2019,26,12770,GBT,2019
939,GBT872,2014,31,12770,GBT,2014
939,GBT740,2009,5,12770,GBT,2009
939,GBT740,2008,9,12770,GBT,2008
939,GBT86,2005,16,12770,GBT,2005
939,GBT86,1998,12,12770,GBT,1998
939,GBT871,2018,28,12770,GBT,2018
939,GBT871,2017,27,12770,GBT,2017
939,GBT871,2016,34,12770,GBT,2016
939,GBT374,2003,9,12770,GBT,2003
939,GBT740,2007,12,12770,GBT,2007
939,GBT757,2011,16,12770,GBT,2011
939,GBT871,2015,25,12770,GBT,2015