"predicted","predictedCRlo","predictedCRup","year","year2","year.c","year.c2","predlinear","residuals","sqq"
0.534224262618001,0.0503308984544089,0.922304487269131,1998,1,-10,100,0.547626796087246,0.0134025334692446,899
0.532238074269046,0.0650828020114611,0.959333020292472,1999,2,-9,81,0.545583990331176,0.0133459160621294,899
0.523951606010277,0.0631948741267498,0.959980477901622,2000,3,-8,64,0.543541184575105,0.0195895785648285,899
0.546124896437278,0.0769583766290452,0.986949372142438,2001,4,-7,49,0.541498378819035,-0.00462651761824306,899
0.587511462745616,0.0698547573469114,0.984839887770426,2002,5,-6,36,0.539455573062964,-0.0480558896826524,899
0.515886451786997,0.0549846210400574,0.972404505722847,2003,6,-5,25,0.537412767306894,0.0215263155198963,899
0.542949258813682,0.0656618817476556,0.976698824779789,2004,7,-4,16,0.535369961550823,-0.00757929726285933,899
0.541318506962325,0.105682277971411,0.977519561115768,2005,8,-3,9,0.533327155794753,-0.00799135116757255,899
0.558118175797813,0.05958584517145,0.961737657640533,2006,9,-2,4,0.531284350038682,-0.026833825759131,899
0.560319908790947,0.0346986099088099,0.982872173771594,2007,10,-1,1,0.529241544282611,-0.031078364508335,899
0.494315107971878,0.0692695686535444,0.956925745587049,2008,11,0,0,0.527198738526541,0.0328836305546631,899
0.533014579011933,0.115751204892526,0.940238591783207,2009,12,1,1,0.52515593277047,-0.00785864624146293,899
0.488250446315069,0.0687500416846272,0.957173639349522,2010,13,2,4,0.5231131270144,0.034862680699331,899
0.501365470233597,0.0543923704926015,0.970274911628744,2011,14,3,9,0.521070321258329,0.019704851024732,899
0.499192029553055,0.0394665502943099,0.967766256573754,2012,15,4,16,0.519027515502259,0.0198354859492038,899
0.492640249593493,0.0777431458933279,0.963047960260883,2013,16,5,25,0.516984709746188,0.0243444601526954,899
0.588788052958674,0.107260531943757,0.97265873132406,2014,17,6,36,0.514941903990118,-0.0738461489685557,899
0.549330884937446,0.0739332425806728,0.971228972416006,2015,18,7,49,0.512899098234047,-0.0364317867033991,899
0.520756798332131,0.0199306684121544,0.960880357194187,2016,19,8,64,0.510856292477977,-0.00990050585415414,899
0.475731169167557,0.0138654884300195,0.973695825727191,2017,20,9,81,0.508813486721906,0.0330823175543495,899
0.485146116750548,0.0379319204599596,0.9640151550062,2018,21,10,100,0.506770680965836,0.0216245642152882,899
0.547100855860275,0.0878798205124605,0.971136361354061,1998,1,-10,100,0.513565747812888,-0.0335351080473872,753
0.516485710268295,0.0257738297962301,0.954915985226398,1999,2,-9,81,0.514367811902492,-0.00211789836580301,753
0.448579713163781,0.0240888207626995,0.949589938181452,2000,3,-8,64,0.515169875992096,0.0665901628283151,753
0.555981970513566,0.0897039460542146,0.969193864860224,2001,4,-7,49,0.5159719400817,-0.0400100304318657,753
0.492170521790983,0.0786631811874219,0.947352933448991,2002,5,-6,36,0.516774004171304,0.0246034823803216,753
0.517241013250471,0.0264385913091246,0.985252688388573,2003,6,-5,25,0.517576068260908,0.000335055010437735,753
0.512872472257425,0.0851254286302719,0.970667205158303,2004,7,-4,16,0.518378132350513,0.00550566009308762,753
0.515800045668071,0.0567258962004989,0.970659878314473,2005,8,-3,9,0.519180196440117,0.00338015077204545,753
0.513854861454184,0.0404131635796742,0.957528937055031,2006,9,-2,4,0.519982260529721,0.00612739907553661,753
0.494175136621659,0.0600434054678772,0.970332071295099,2007,10,-1,1,0.520784324619325,0.026609187997666,753
0.533180179398443,0.0372015261731576,0.98613238981733,2008,11,0,0,0.521586388708929,-0.0115937906895139,753
0.584015799349503,0.118162784958258,0.983373148217332,2009,12,1,1,0.522388452798533,-0.0616273465509697,753
0.553419289626851,0.106599854971876,0.985249051343524,2010,13,2,4,0.523190516888137,-0.0302287727387137,753
0.490858148732193,0.073063036968233,0.962970790262733,2011,14,3,9,0.523992580977741,0.0331344322455484,753
0.539015430843882,0.0869016552457434,0.944414110295474,2012,15,4,16,0.524794645067346,-0.0142207857765363,753
0.50649099487587,0.0451437961817663,0.920158336829627,2013,16,5,25,0.52559670915695,0.0191057142810801,753
0.515235891007476,0.0121506588028422,0.976458828625759,2014,17,6,36,0.526398773246554,0.0111628822390775,753
0.524491778336805,0.0520480417945958,0.98967812921376,2015,18,7,49,0.527200837336158,0.00270905899935325,753
0.598723927945124,0.118611573675743,0.95991351896517,2016,19,8,64,0.528002901425762,-0.0707210265193619,753
0.46331507826471,0.049777446176036,0.870205037326641,2017,20,9,81,0.528804965515366,0.0654898872506565,753
0.530305343657946,0.0701829185195747,0.924419686442706,2018,21,10,100,0.52960702960497,-0.000698314052975268,753
0.565564474323098,0.105795712884831,0.976100733468775,1998,1,-10,100,0.526906476125696,-0.0386579981974019,900
0.542863998831625,0.110888124641334,0.985743381308988,1999,2,-9,81,0.526920160000457,-0.0159438388311681,900
0.533234145039079,0.0335689835366793,0.967719969950849,2000,3,-8,64,0.526933843875218,-0.00630030116386093,900
0.571534419630376,0.0906723291845992,0.987055961907033,2001,4,-7,49,0.526947527749979,-0.044586891880397,900
0.498918795270026,0.0477883789921179,0.902367760778649,2002,5,-6,36,0.52696121162474,0.028042416354714,900
0.550701361727257,0.0479192276801548,0.988722424439211,2003,6,-5,25,0.526974895499502,-0.0237264662277555,900
0.438584446347857,0.0284655889160804,0.957346265806004,2004,7,-4,16,0.526988579374263,0.0884041330264059,900
0.488719954540864,0.0496288023232835,0.981139839684086,2005,8,-3,9,0.527002263249024,0.0382823087081602,900
0.492872160614009,0.0455492058303207,0.919700931480366,2006,9,-2,4,0.527015947123785,0.0341437865097761,900
0.537422933015052,0.0539038881282931,0.949991864873015,2007,10,-1,1,0.527029630998546,-0.0103933020165058,900
0.511977436395809,0.0753203928819857,0.959038003064764,2008,11,0,0,0.527043314873307,0.0150658784774984,900
0.556044506251082,0.0959835502880427,0.952314646064866,2009,12,1,1,0.527056998748069,-0.0289875075030135,900
0.514434287805448,0.0672087373918509,0.937558654641985,2010,13,2,4,0.52707068262283,0.0126363948173822,900
0.555132567582226,0.0659660155768506,0.958907617361953,2011,14,3,9,0.527084366497591,-0.0280482010846351,900
0.51062546099871,0.0395507127861492,0.976989578587838,2012,15,4,16,0.527098050372352,0.0164725893736418,900
0.473037146000949,0.0484934456762858,0.940049153387272,2013,16,5,25,0.527111734247113,0.0540745882461646,900
0.599132579744445,0.0891626125494216,0.970248950184631,2014,17,6,36,0.527125418121875,-0.0720071616225707,900
0.528019749616392,0.0208379819773696,0.935556978261341,2015,18,7,49,0.527139101996636,-0.000880647619755814,900
0.571113998528919,0.116490039578651,0.98407478489259,2016,19,8,64,0.527152785871397,-0.0439612126575218,900
0.488340075862775,0.0775442428886128,0.943179648788646,2017,20,9,81,0.527166469746158,0.0388263938833828,900
0.539635114213453,0.0725513391165742,0.966462090751156,2018,21,10,100,0.527180153620919,-0.0124549605925343,900
0.557185869391161,0.0991204078001937,0.951104628763954,1998,1,-10,100,0.546449945709641,-0.0107359236815202,827
0.476144602960617,0.057428193763594,0.95873543960256,1999,2,-9,81,0.546306685811849,0.0701620828512316,827
0.594701695717535,0.0660352652662349,0.964370248583145,2000,3,-8,64,0.546163425914057,-0.0485382698034775,827
0.528920607294089,0.0537645201157972,0.978895641688423,2001,4,-7,49,0.546020166016265,0.0170995587221761,827
0.52004258856371,0.0868508857247524,0.956658744096057,2002,5,-6,36,0.545876906118473,0.0258343175547627,827
0.529618180699725,0.032785241900958,0.967240426147464,2003,6,-5,25,0.545733646220681,0.0161154655209564,827
0.57377100152001,0.136392042385464,0.985897857023029,2004,7,-4,16,0.545590386322889,-0.0281806151971211,827
0.565025229505541,0.0852407225515469,0.982639219091832,2005,8,-3,9,0.545447126425097,-0.0195781030804433,827
0.558078976079743,0.160949828860635,0.992100783949718,2006,9,-2,4,0.545303866527305,-0.0127751095524371,827
0.517677334317622,0.0628969408385199,0.975870856258689,2007,10,-1,1,0.545160606629514,0.0274832723118913,827
0.582531003694566,0.13588245769497,0.961925516589324,2008,11,0,0,0.545017346731722,-0.0375136569628447,827
0.581302704693654,0.139164749650542,0.979617647459963,2009,12,1,1,0.54487408683393,-0.0364286178597246,827
0.478257050733223,0.0563332219375298,0.899073394970037,2010,13,2,4,0.544730826936138,0.0664737762029151,827
0.588893308438258,0.109355395473628,0.944318227432327,2011,14,3,9,0.544587567038346,-0.0443057413999125,827
0.614216666208739,0.14200930488367,0.982258586034607,2012,15,4,16,0.544444307140554,-0.0697723590681849,827
0.500406095608199,0.0584409769740887,0.932994648173948,2013,16,5,25,0.544301047242762,0.0438949516345634,827
0.568037020349115,0.114319401716364,0.96666678153702,2014,17,6,36,0.54415778734497,-0.0238792330041452,827
0.551545726401428,0.0799136505134065,0.979794963944005,2015,18,7,49,0.544014527447178,-0.00753119895425014,827
0.509194799674347,0.0587728747341316,0.964066736136263,2016,19,8,64,0.543871267549386,0.0346764678750392,827
0.504883441788047,0.0657643313577864,0.972121670766501,2017,20,9,81,0.543728007651594,0.0388445658635473,827
0.544930377726823,0.0838054802792613,0.940428054559583,2018,21,10,100,0.543584747753802,-0.0013456299730209,827
0.503887327673146,0.0419544177595526,0.987716593709774,1998,1,-10,100,0.498751667113813,-0.00513566055933395,937
0.498024205103866,0.0175725546781905,0.97869786117808,1999,2,-9,81,0.500932212918581,0.00290800781471545,937
0.47694226205349,0.0154245516110677,0.980010207090527,2000,3,-8,64,0.50311275872335,0.0261704966698603,937
0.472208301204955,0.0151232381351292,0.94320927116787,2001,4,-7,49,0.505293304528119,0.0330850033231634,937
0.52414375275257,0.0183743752306327,0.965484883886529,2002,5,-6,36,0.507473850332887,-0.0166699024196831,937
0.533519751726999,0.0499124641646631,0.964722809847444,2003,6,-5,25,0.509654396137656,-0.023865355589343,937
0.486592968122568,0.0374640991329216,0.994294172519585,2004,7,-4,16,0.511834941942425,0.0252419738198567,937
0.512314408062957,0.0578680728387553,0.987723124172771,2005,8,-3,9,0.514015487747193,0.00170107968423605,937
0.518292852773447,0.0449271531833801,0.966483676264761,2006,9,-2,4,0.516196033551962,-0.00209681922148552,937
0.630058529159689,0.137374226032989,0.996258319363647,2007,10,-1,1,0.518376579356731,-0.111681949802958,937
0.486371965712169,0.033372620807495,0.947609069541795,2008,11,0,0,0.520557125161499,0.0341851594493301,937
0.476869210682344,0.0445043547719251,0.935862307960633,2009,12,1,1,0.522737670966268,0.0458684602839243,937
0.588567638936947,0.0965986876573879,0.972135146622497,2010,13,2,4,0.524918216771037,-0.0636494221659107,937
0.511011356735253,0.0480667459371034,0.963736474438338,2011,14,3,9,0.527098762575805,0.0160874058405526,937
0.478039266422275,0.0422943377692718,0.914322931919014,2012,15,4,16,0.529279308380574,0.0512400419582995,937
0.559440884544165,0.0287814138981048,0.973328170803142,2013,16,5,25,0.531459854185343,-0.0279810303588222,937
0.51091161914519,0.0345073523640167,0.958807166997576,2014,17,6,36,0.533640399990111,0.022728780844921,937
0.567229726781976,0.0478808290557936,0.992888270079857,2015,18,7,49,0.53582094579488,-0.0314087809870961,937
0.53355545246533,0.0944107324145472,0.97065509452924,2016,19,8,64,0.538001491599649,0.00444603913431862,937
0.554574748824127,0.09191181139322,0.965384665008805,2017,20,9,81,0.540182037404417,-0.0143927114197092,937
0.509143399508021,0.0440563536617743,0.961971622268565,2018,21,10,100,0.542362583209186,0.0332191837011646,937
0.651157407273318,0.241502641168144,0.987213273385956,1998,1,-10,100,0.599954075750517,-0.0512033315228008,901
0.609955572432258,0.125758483378054,0.983608767115584,1999,2,-9,81,0.594522034010857,-0.0154335384214002,901
0.591616850957966,0.120325350509707,0.973089141629319,2000,3,-8,64,0.589089992271198,-0.00252685868676761,901
0.603212988098162,0.100883482693462,0.963121031305358,2001,4,-7,49,0.583657950531539,-0.0195550375666235,901
0.490698325692014,0.0444906382194992,0.947514831304103,2002,5,-6,36,0.57822590879188,0.0875275830998657,901
0.512631282796952,0.0376249974031976,0.973153435486941,2003,6,-5,25,0.57279386705222,0.0601625842552678,901
0.598091838303699,0.104792943821566,0.995325268421008,2004,7,-4,16,0.567361825312561,-0.0307300129911385,901
0.674661859783399,0.209630009516403,0.982816963887904,2005,8,-3,9,0.561929783572901,-0.112732076210498,901
0.525918819245542,0.0507590077000468,0.971010373946046,2006,9,-2,4,0.556497741833242,0.0305789225876998,901
0.529234986711451,0.0380497893775001,0.972705948376097,2007,10,-1,1,0.551065700093583,0.0218307133821322,901
0.574782417912697,0.0537556258243377,0.985843546028687,2008,11,0,0,0.545633658353924,-0.0291487595587737,901
0.479471262192651,0.0289527349935188,0.976186566857515,2009,12,1,1,0.540201616614264,0.0607303544216134,901
0.478140282222477,0.0469595003291033,0.958570996559511,2010,13,2,4,0.534769574874605,0.0566292926521275,901
0.536481892605245,0.0362236229535549,0.976955098803963,2011,14,3,9,0.529337533134946,-0.00714435947029901,901
0.508909564701852,0.0567271994758996,0.9791321560345,2012,15,4,16,0.523905491395286,0.0149959266934344,901
0.543196376253726,0.0712455691831463,0.992863426654246,2013,16,5,25,0.518473449655627,-0.024722926598099,901
0.503517843948864,0.04430365076405,0.984662702045171,2014,17,6,36,0.513041407915968,0.00952356396710397,901
0.505750216576899,0.0610238999302965,0.993176633404801,2015,18,7,49,0.507609366176308,0.00185914959940969,901
0.505249522720937,0.0935683815507218,0.937970113136892,2016,19,8,64,0.502177324436649,-0.00307219828428773,901
0.477747820710074,0.0509257475709097,0.94848157011281,2017,20,9,81,0.49674528269699,0.0189974619869153,901
0.557879694292205,0.0907933806534857,0.951241334836231,2018,21,10,100,0.49131324095733,-0.0665664533348751,901
0.630951216044394,0.108758648368984,0.957156686793314,1998,1,-10,100,0.570892483928795,-0.0600587321155983,864
0.61003900187226,0.149455177184427,0.90668546153193,1999,2,-9,81,0.567948198288079,-0.0420908035841809,864
0.587709236890705,0.144337242614711,0.956721749880648,2000,3,-8,64,0.565003912647363,-0.022705324243341,864
0.527915041485823,0.0395713294465129,0.98530997846974,2001,4,-7,49,0.562059627006648,0.0341445855208243,864
0.521604053903404,0.0364227421087732,0.949071261612698,2002,5,-6,36,0.559115341365932,0.0375112874625281,864
0.58051255690537,0.0949042945576366,0.972697981391378,2003,6,-5,25,0.556171055725216,-0.0243415011801545,864
0.505054250661687,0.0808661667468683,0.960292342018214,2004,7,-4,16,0.5532267700845,0.048172519422813,864
0.549607014099902,0.0817434328608215,0.97604665701031,2005,8,-3,9,0.550282484443784,0.000675470343882267,864
0.514640317901007,0.0732706938178736,0.971399548373421,2006,9,-2,4,0.547338198803068,0.0326978809020609,864
0.469505039579735,0.0470371291281388,0.979448208771133,2007,10,-1,1,0.544393913162352,0.0748888735826171,864
0.599118129568599,0.0674782787850737,0.970971363177523,2008,11,0,0,0.541449627521636,-0.0576685020469628,864
0.527084104136244,0.0311075902136508,0.975415078783959,2009,12,1,1,0.53850534188092,0.011421237744676,864
0.512115528618523,0.111457779692461,0.968650003061564,2010,13,2,4,0.535561056240204,0.0234455276216815,864
0.600479175157451,0.0909060495039685,0.976587760166589,2011,14,3,9,0.532616770599488,-0.0678624045579626,864
0.470334720846253,0.0754849347614353,0.941744553870785,2012,15,4,16,0.529672484958773,0.0593377641125197,864
0.504839489374799,0.0570623946201522,0.928377734526293,2013,16,5,25,0.526728199318057,0.021888709943258,864
0.509466557024192,0.050703471548885,0.983425027188653,2014,17,6,36,0.523783913677341,0.0143173566531484,864
0.553008153114324,0.0471567394395703,0.960028585127516,2015,18,7,49,0.520839628036625,-0.032168525077699,864
0.493225524148582,0.0482830385535742,0.963943262728478,2016,19,8,64,0.517895342395909,0.0246698182473266,864
0.53442704270488,0.0674474917382401,0.971477778085643,2017,20,9,81,0.514951056755193,-0.0194759859496872,864
0.568806023916225,0.0487138977390714,0.964701733963952,2018,21,10,100,0.512006771114477,-0.0567992528017484,864
0.539434250382463,0.109803588321967,0.982817055717898,1998,1,-10,100,0.608538233680123,0.0691039832976607,715
0.573814734818533,0.134521999867866,0.969433369203722,1999,2,-9,81,0.603841448363166,0.0300267135446327,715
0.572818740244266,0.114094999298686,0.970012836140813,2000,3,-8,64,0.599144663046208,0.026325922801942,715
0.623347441004385,0.144340326070343,0.985630927827679,2001,4,-7,49,0.59444787772925,-0.0288995632751348,715
0.614318929954256,0.166142177980718,0.975125201692425,2002,5,-6,36,0.589751092412293,-0.0245678375419629,715
0.621281670827888,0.128964179599375,0.99279165909094,2003,6,-5,25,0.585054307095335,-0.0362273637325523,715
0.575136341410299,0.128624375592363,0.966469444293761,2004,7,-4,16,0.580357521778378,0.00522118036807884,715
0.659266947467321,0.149145489040529,0.980057768859566,2005,8,-3,9,0.57566073646142,-0.0836062110059009,715
0.572352206866806,0.128631574165651,0.97450569406058,2006,9,-2,4,0.570963951144463,-0.00138825572234302,715
0.577146941855286,0.10875610497528,0.971586135106881,2007,10,-1,1,0.566267165827505,-0.0108797760277811,715
0.544965796949161,0.0335090098366141,0.981740445105694,2008,11,0,0,0.561570380510547,0.0166045835613864,715
0.550655547158391,0.0925873271874413,0.972008237973058,2009,12,1,1,0.55687359519359,0.00621804803519865,715
0.582929256258194,0.0511729735921082,0.961327139034823,2010,13,2,4,0.552176809876632,-0.0307524463815618,715
0.528878611850833,0.0480947495662714,0.976671757871511,2011,14,3,9,0.547480024559674,0.0186014127088416,715
0.528551973149631,0.0347932981075779,0.944555746507831,2012,15,4,16,0.542783239242717,0.0142312660930856,715
0.536742609529976,0.0841496153258225,0.99652177694846,2013,16,5,25,0.538086453925759,0.00134384439578283,715
0.538860586884868,0.0419820597278885,0.962477209989447,2014,17,6,36,0.533389668608802,-0.00547091827606638,715
0.521145680070695,0.0960769736794322,0.931131013102013,2015,18,7,49,0.528692883291844,0.00754720322114932,715
0.581855260837542,0.053051135159365,0.967118958355946,2016,19,8,64,0.523996097974887,-0.0578591628626554,715
0.451188906371169,0.0649372449813413,0.884714424523977,2017,20,9,81,0.519299312657929,0.0681104062867601,715
0.498285556829532,0.0196744505541478,0.953719656023895,2018,21,10,100,0.514602527340971,0.0163169705114396,715
0.523659557572682,0.0378823074221145,0.934891553386115,1998,1,-10,100,0.590315235850929,0.0666556782782464,752
0.492536835354986,0.0523352534568403,0.971334679599386,1999,2,-9,81,0.596317396493558,0.103780561138572,752
0.484439902307349,0.0106037230289076,0.97111904323101,2000,3,-8,64,0.602319557136187,0.117879654828837,752
0.487147455979721,0.040547467378201,0.971898644522298,2001,4,-7,49,0.608321717778816,0.121174261799095,752
0.637751943719382,0.144289090410992,0.963941775348312,2002,5,-6,36,0.614323878421445,-0.0234280652979377,752
0.50249096484622,0.0561730553512462,0.980256468651351,2003,6,-5,25,0.620326039064074,0.117835074217854,752
0.463598613726208,0.049717210419476,0.956921097036684,2004,7,-4,16,0.626328199706703,0.162729585980495,752
0.714293661484744,0.215850625727844,0.991780408012879,2005,8,-3,9,0.632330360349332,-0.0819633011354127,752
0.778882792622976,0.396148700980169,0.987110520755149,2006,9,-2,4,0.638332520991961,-0.140550271631015,752
0.828589666352329,0.542670096158124,0.99637984679045,2007,10,-1,1,0.64433468163459,-0.184254984717739,752
0.862600784352161,0.580744041816541,0.990461564789694,2008,11,0,0,0.650336842277219,-0.212263942074942,752
0.761838901698907,0.405671291477097,0.987330659336339,2009,12,1,1,0.656339002919847,-0.105499898779059,752
0.865914435616836,0.596123223416449,0.989819583783654,2010,13,2,4,0.662341163562477,-0.203573272054359,752
0.870154832559406,0.647306976701492,0.998926431636181,2011,14,3,9,0.668343324205105,-0.2018115083543,752
0.857065579872967,0.516324476582523,0.997382991734159,2012,15,4,16,0.674345484847734,-0.182720095025232,752
0.853620728987872,0.643784445888894,0.995053204404761,2013,16,5,25,0.680347645490363,-0.173273083497508,752
0.435688584513264,0.0114319713611621,0.934182001050794,2014,17,6,36,0.686349806132992,0.250661221619729,752
0.49519093031995,0.0637414404423907,0.977223951520864,2015,18,7,49,0.692351966775621,0.197161036455671,752
0.76563319254556,0.367928600435278,0.991784751364607,2016,19,8,64,0.69835412741825,-0.0672790651273095,752
0.466535652038874,0.0474057644547429,0.959983431344153,2017,20,9,81,0.704356288060879,0.237820636022005,752
0.509438671349199,0.0102523272042163,0.989251178357517,2018,21,10,100,0.710358448703508,0.20091977735431,752
0.552029792400261,0.159114994598692,0.960174593624644,1998,1,-10,100,0.563969122973237,0.0119393305729759,641
0.512899681462661,0.0837724366952249,0.98414168011957,1999,2,-9,81,0.560804039972956,0.0479043585102945,641
0.531725567269909,0.111697640710462,0.972466627060647,2000,3,-8,64,0.557638956972674,0.0259133897027648,641
0.595338487412245,0.194771913460844,0.975780521289648,2001,4,-7,49,0.554473873972393,-0.0408646134398521,641
0.557395632165115,0.0712594823504332,0.990361406044746,2002,5,-6,36,0.551308790972111,-0.00608684119300362,641
0.5983748357803,0.116540424354598,0.973629838398181,2003,6,-5,25,0.54814370797183,-0.0502311278084706,641
0.527224738253736,0.0757475101272576,0.972078991994135,2004,7,-4,16,0.544978624971548,0.0177538867178124,641
0.566223494042036,0.0876078319510429,0.962241192900246,2005,8,-3,9,0.541813541971267,-0.0244099520707688,641
0.559314740406093,0.0595199486170825,0.974595456395764,2006,9,-2,4,0.538648458970986,-0.0206662814351074,641
0.550335578550365,0.0629985777438654,0.984971660319448,2007,10,-1,1,0.535483375970704,-0.0148522025796614,641
0.493624777262918,0.0559345477873045,0.974072393076581,2008,11,0,0,0.532318292970423,0.0386935157075048,641
0.49320789450891,0.0530381041656769,0.975496942425212,2009,12,1,1,0.529153209970141,0.0359453154612313,641
0.563043493713399,0.120459272734066,0.961778615857718,2010,13,2,4,0.52598812696986,-0.0370553667435388,641
0.531955692041852,0.0648065179522824,0.95414125559373,2011,14,3,9,0.522823043969578,-0.00913264807227376,641
0.536152188461403,0.0588503379819097,0.973424668135456,2012,15,4,16,0.519657960969297,-0.0164942274921061,641
0.510387118052214,0.0338938799221069,0.97530491886473,2013,16,5,25,0.516492877969015,0.00610575991680118,641
0.514517060218601,0.0529611115603658,0.942282757233871,2014,17,6,36,0.513327794968734,-0.00118926524986673,641
0.453058594692731,0.0223233248514589,0.984496848192657,2015,18,7,49,0.510162711968453,0.0571041172757218,641
0.525822678018771,0.0937016659215093,0.964431099791564,2016,19,8,64,0.506997628968171,-0.0188250490505999,641
0.504083763741788,0.0692846124235075,0.989556584773953,2017,20,9,81,0.50383254596789,-0.000251217773898027,641
0.501968343923571,0.0914562775345985,0.980697454631881,2018,21,10,100,0.500667462967608,-0.00130088095596259,641
0.602945789688327,0.1400535948982,0.986284459706458,1998,1,-10,100,0.576817955052293,-0.0261278346360344,902
0.587133605659278,0.078747879283037,0.975980022578481,1999,2,-9,81,0.573677111146379,-0.0134564945128981,902
0.571316500653405,0.0675929332835432,0.960868848435757,2000,3,-8,64,0.570536267240466,-0.000780233412939091,902
0.542139218184966,0.0914827230386436,0.896853144205387,2001,4,-7,49,0.567395423334553,0.0252562051495865,902
0.572171229114136,0.0868756678211322,0.990690682805143,2002,5,-6,36,0.56425457942864,-0.00791664968549632,902
0.541597202966242,0.108944751048693,0.947509868044867,2003,6,-5,25,0.561113735522726,0.0195165325564846,902
0.551637533918869,0.0820328269212041,0.971645061968709,2004,7,-4,16,0.557972891616813,0.00633535769794458,902
0.568612631328034,0.0966350712242569,0.973078763942134,2005,8,-3,9,0.5548320477109,-0.0137805836171337,902
0.5596304548281,0.0308400512851518,0.99515228575549,2006,9,-2,4,0.551691203804987,-0.0079392510231131,902
0.520948452502697,0.0257282268003482,0.996219258072194,2007,10,-1,1,0.548550359899074,0.0276019073963761,902
0.594159019000013,0.0574707526800831,0.976781558716165,2008,11,0,0,0.54540951599316,-0.0487495030068523,902
0.509592134006979,0.0591374673647806,0.978928774216911,2009,12,1,1,0.542268672087247,0.0326765380802676,902
0.484060488212117,0.0292892133138125,0.952583794928238,2010,13,2,4,0.539127828181334,0.0550673399692166,902
0.523843470901213,0.0854545352573041,0.951235518063186,2011,14,3,9,0.53598698427542,0.012143513374207,902
0.504843166419348,0.0650246024438257,0.964684242085786,2012,15,4,16,0.532846140369507,0.0280029739501588,902
0.569377249190859,0.083446729256824,0.987135192134883,2013,16,5,25,0.529705296463594,-0.039671952727265,902
0.562105698828558,0.0981337894486057,0.995767330513003,2014,17,6,36,0.526564452557681,-0.0355412462708776,902
0.563123762888614,0.0590204826105101,0.963230778313735,2015,18,7,49,0.523423608651768,-0.0397001542368461,902
0.526951342998123,0.0753959186386134,0.974467505403396,2016,19,8,64,0.520282764745854,-0.00666857825226885,902
0.465394703487982,0.0243471710535232,0.933919073815923,2017,20,9,81,0.517141920839941,0.051747217351959,902
0.532016181078507,0.0404504708712921,0.975141459488077,2018,21,10,100,0.514001076934028,-0.0180151041444789,902
0.536523487207923,0.0658658129279502,0.966906005439532,1998,1,-10,100,0.547578512040854,0.0110550248329309,790
0.572908028271597,0.0903819118859247,0.991313441847622,1999,2,-9,81,0.54697234761304,-0.0259356806585569,790
0.548973795181989,0.0513950062391814,0.982310155170543,2000,3,-8,64,0.546366183185226,-0.00260761199676263,790
0.536534653086822,0.0562877637916245,0.98438589478028,2001,4,-7,49,0.545760018757412,0.00922536567058985,790
0.565870820782692,0.10301990309963,0.972353598769766,2002,5,-6,36,0.545153854329598,-0.0207169664530937,790
0.476740880532839,0.0362937281919147,0.961579204416286,2003,6,-5,25,0.544547689901784,0.0678068093689447,790
0.524660532283821,0.0401597646632757,0.988021445309278,2004,7,-4,16,0.54394152547397,0.0192809931901483,790
0.498566898727779,0.042406346212872,0.951006222848082,2005,8,-3,9,0.543335361046156,0.0447684623183765,790
0.552598339703526,0.102256692160154,0.951529502706614,2006,9,-2,4,0.542729196618341,-0.00986914308518461,790
0.570434673809642,0.0372888561221771,0.980564202075684,2007,10,-1,1,0.542123032190527,-0.028311641619115,790
0.561901701925531,0.0828083355503418,0.984131526126834,2008,11,0,0,0.541516867762713,-0.0203848341628181,790
0.580670668438324,0.11483739186503,0.952563466972444,2009,12,1,1,0.540910703334899,-0.0397599651034246,790
0.533763417061868,0.0779130226117513,0.978548293698948,2010,13,2,4,0.540304538907085,0.0065411218452166,790
0.55185674593436,0.0584658526516183,0.942249821614256,2011,14,3,9,0.539698374479271,-0.0121583714550892,790
0.58754487517959,0.109773640309005,0.986993453564575,2012,15,4,16,0.539092210051457,-0.0484526651281335,790
0.550419256408809,0.0664395808634465,0.956176684999007,2013,16,5,25,0.538486045623643,-0.0119332107851666,790
0.549198150432595,0.0937815080478726,0.944194172116872,2014,17,6,36,0.537879881195829,-0.0113182692367659,790
0.529695024109671,0.0342574294625181,0.948347281626671,2015,18,7,49,0.537273716768014,0.00757869265834388,790
0.565281716096967,0.0394280158332549,0.989782568177907,2016,19,8,64,0.5366675523402,-0.0286141637567663,790
0.457359945606768,0.0398328771931119,0.959996893629257,2017,20,9,81,0.536061387912386,0.0787014423056183,790
0.520350612233862,0.104569998539207,0.971983739113119,2018,21,10,100,0.535455223484572,0.0151046112507102,790
0.87258002336791,0.644382097478467,0.990769615571061,1998,1,-10,100,0.805965614671527,-0.0666144086963832,826
0.834879258048238,0.492342419589832,0.996298253575263,1999,2,-9,81,0.800669226904275,-0.0342100311439625,826
0.467760723776882,0.0262335004284978,0.980012460541912,2000,3,-8,64,0.795372839137023,0.327612115360141,826
0.492753973967046,0.0370899885892868,0.977911783981835,2001,4,-7,49,0.790076451369771,0.297322477402725,826
0.839130303076551,0.513161766242332,0.992526299332875,2002,5,-6,36,0.784780063602519,-0.0543502394740318,826
0.907585590386774,0.752194976682413,0.994350055279482,2003,6,-5,25,0.779483675835267,-0.128101914551507,826
0.875524181823933,0.558067645907147,0.990773874118393,2004,7,-4,16,0.774187288068015,-0.101336893755917,826
0.904491590406774,0.651032788018365,0.998655907185775,2005,8,-3,9,0.768890900300763,-0.135600690106011,826
0.846165888631046,0.467645822756308,0.996345680928308,2006,9,-2,4,0.763594512533511,-0.0825713760975347,826
0.885956772014622,0.582627019950604,0.995116585373918,2007,10,-1,1,0.758298124766259,-0.127658647248363,826
0.768776204942552,0.402425960752599,0.996024306028362,2008,11,0,0,0.753001736999007,-0.0157744679435448,826
0.682895661374463,0.250905882303602,0.977262262503909,2009,12,1,1,0.747705349231755,0.0648096878572922,826
0.741394985067299,0.41911166499184,0.990711763487445,2010,13,2,4,0.742408961464503,0.00101397639720446,826
0.742150249698861,0.216083329981457,0.988228110283653,2011,14,3,9,0.737112573697251,-0.0050376760016092,826
0.737550950444327,0.35720242899977,0.997102380873276,2012,15,4,16,0.731816185929999,-0.00573476451432797,826
0.789223358594,0.189760074233544,0.977219432220684,2013,16,5,25,0.726519798162747,-0.0627035604312522,826
0.847299701577069,0.583269692812887,0.998139231020993,2014,17,6,36,0.721223410395495,-0.126076291181574,826
0.808349461099412,0.445845148105376,0.98903191816247,2015,18,7,49,0.715927022628243,-0.092422438471169,826
0.757624128016025,0.443468699335677,0.994070737988335,2016,19,8,64,0.710630634860991,-0.0469934931550333,826
0.481700741793611,0.0310856740805321,0.924590715719387,2017,20,9,81,0.705334247093739,0.223633505300128,826
0.529242728871759,0.0770924199488946,0.975023671617964,2018,21,10,100,0.700037859326487,0.170795130454728,826
0.525250897329533,0.0681408130505588,0.960492029116722,1998,1,-10,100,0.517723532159345,-0.0075273651701887,716
0.474752097943565,0.0522161703614984,0.981245114677586,1999,2,-9,81,0.525379371732775,0.0506272737892106,716
0.500428921647835,0.0419499237672426,0.980364721221849,2000,3,-8,64,0.533035211306206,0.0326062896583709,716
0.511045032623224,0.0426541442982853,0.944433255220065,2001,4,-7,49,0.540691050879637,0.0296460182564131,716
0.504717681740294,0.0178435371490195,0.973233228031313,2002,5,-6,36,0.548346890453068,0.0436292087127738,716
0.485388419564697,0.0311266398115549,0.973673332395265,2003,6,-5,25,0.556002730026499,0.0706143104618017,716
0.523748686080216,0.0577324882207904,0.925304479681654,2004,7,-4,16,0.563658569599929,0.039909883519713,716
0.795696415593567,0.38454052362566,0.991458404085581,2005,8,-3,9,0.57131440917336,-0.224382006420207,716
0.757681697741813,0.38969104436398,0.995865575939138,2006,9,-2,4,0.578970248746791,-0.178711448995022,716
0.575219747057417,0.0486292787536513,0.964870042179245,2007,10,-1,1,0.586626088320222,0.0114063412628045,716
0.499233667817316,0.012330364267109,0.981969862547703,2008,11,0,0,0.594281927893653,0.0950482600763366,716
0.463370930758538,0.0347344529698603,0.958728877693648,2009,12,1,1,0.601937767467083,0.138566836708546,716
0.75790825515826,0.375739657540972,0.977947260657215,2010,13,2,4,0.609593607040514,-0.148314648117745,716
0.79292790027654,0.405877131888014,0.986375725502942,2011,14,3,9,0.617249446613945,-0.175678453662595,716
0.661457124919611,0.108168995571765,0.980968239643258,2012,15,4,16,0.624905286187376,-0.0365518387322347,716
0.524205291667022,0.0160719561390579,0.974883783556288,2013,16,5,25,0.632561125760807,0.108355834093785,716
0.540460074209841,0.0657745099510066,0.973665414960123,2014,17,6,36,0.640216965334237,0.0997568911243963,716
0.509059818062815,0.0311927348491736,0.962998478923691,2015,18,7,49,0.647872804907668,0.138812986844853,716
0.761491739273308,0.313288774121921,0.99318091089063,2016,19,8,64,0.655528644481099,-0.105963094792209,716
0.652763799034125,0.274806466090447,0.958407311333222,2017,20,9,81,0.66318448405453,0.0104206850204051,716
0.663112287267167,0.0941727509992963,0.980218935479722,2018,21,10,100,0.670840323627961,0.00772803636079356,716
0.761191933046587,0.370360413730169,0.984230589250636,1998,1,-10,100,0.496552605888254,-0.264639327158334,861
0.478440295570181,0.0307357586163562,0.906034691102104,1999,2,-9,81,0.502713966765672,0.0242736711954914,861
0.460723483009497,0.029785690602148,0.957986503955908,2000,3,-8,64,0.508875327643091,0.0481518446335941,861
0.526294027082622,0.0424829771800432,0.986931586859282,2001,4,-7,49,0.51503668852051,-0.0112573385621125,861
0.524927109543933,0.051242289505899,0.952031562902266,2002,5,-6,36,0.521198049397928,-0.00372906014600438,861
0.459690858886461,0.0379393088805955,0.965270599821815,2003,6,-5,25,0.527359410275347,0.0676685513888862,861
0.452360878756735,0.00798056062776595,0.979703666921705,2004,7,-4,16,0.533520771152766,0.0811598923960302,861
0.54350044617895,0.0379883148649242,0.97086230883142,2005,8,-3,9,0.539682132030184,-0.00381831414876599,861
0.483619435905712,0.0192649081116542,0.975468644010834,2006,9,-2,4,0.545843492907603,0.0622240570018913,861
0.507143792812712,0.0151643469464034,0.954238719574641,2007,10,-1,1,0.552004853785022,0.0448610609723092,861
0.512097453532624,0.028553657408338,0.987217780476203,2008,11,0,0,0.55816621466244,0.0460687611298164,861
0.453633816621732,0.00672380770556629,0.94215685443487,2009,12,1,1,0.564327575539859,0.110693758918127,861
0.491719560496858,0.0459646663570311,0.949568948743399,2010,13,2,4,0.570488936417278,0.0787693759204195,861
0.50094466173905,0.0310787280148361,0.976671017991612,2011,14,3,9,0.576650297294697,0.075705635555647,861
0.502986727000098,0.00467256799456664,0.966607470531016,2012,15,4,16,0.582811658172115,0.0798249311720175,861
0.746396880232364,0.28500277816915,0.986401176064567,2013,16,5,25,0.588973019049534,-0.15742386118283,861
0.794126248597212,0.381813698798375,0.992523412539539,2014,17,6,36,0.595134379926953,-0.198991868670259,861
0.756673259888854,0.327428842545421,0.978333009931539,2015,18,7,49,0.601295740804371,-0.155377519084483,861
0.760723394109903,0.42889035460703,0.984043806434278,2016,19,8,64,0.60745710168179,-0.153266292428113,861
0.479737754922826,0.023563181294594,0.978095293906517,2017,20,9,81,0.613618462559209,0.133880707636383,861
0.524558489976334,0.0638001405168325,0.969343062432017,2018,21,10,100,0.619779823436627,0.0952213334602929,861
0.438244090921944,0.0081414190644864,0.958000595396152,1998,1,-10,100,0.473013004619181,0.0347689136972368,936
0.474238686551689,0.0347542585863266,0.943541483895387,1999,2,-9,81,0.475293368761082,0.00105468220939248,936
0.460963696907856,0.0484821161837317,0.948640084307408,2000,3,-8,64,0.477573732902982,0.0166100359951259,936
0.49828208241961,0.0398684462474193,0.952113818819635,2001,4,-7,49,0.479854097044883,-0.0184279853747264,936
0.51581190447032,0.0476710612536408,0.959632170386612,2002,5,-6,36,0.482134461186784,-0.0336774432835358,936
0.508694002556149,0.049768680264242,0.97642992323963,2003,6,-5,25,0.484414825328685,-0.0242791772274641,936
0.475705120741623,0.0900060071609914,0.920367919694399,2004,7,-4,16,0.486695189470586,0.0109900687289631,936
0.51682718328957,0.0528048216656316,0.982721643248806,2005,8,-3,9,0.488975553612486,-0.0278516296770833,936
0.517861545021879,0.0345220226445235,0.986484760482563,2006,9,-2,4,0.491255917754387,-0.0266056272674913,936
0.432548048725584,0.01471540008788,0.90535525715677,2007,10,-1,1,0.493536281896288,0.0609882331707036,936
0.488440297817579,0.0271956347278319,0.979370185430162,2008,11,0,0,0.495816646038189,0.00737634822061034,936
0.51893836511299,0.026978398708161,0.982018538191915,2009,12,1,1,0.49809701018009,-0.0208413549329005,936
0.484378948921221,0.0381589219847228,0.903460707422346,2010,13,2,4,0.50037737432199,0.0159984254007692,936
0.477416489459574,0.0409842614491936,0.956692331377417,2011,14,3,9,0.502657738463891,0.0252412490043171,936
0.512569156388054,0.0508276004053187,0.969800267089158,2012,15,4,16,0.504938102605792,-0.00763105378226159,936
0.499129627790535,0.00697183068841696,0.985673674603458,2013,16,5,25,0.507218466747693,0.00808883895715801,936
0.509392766532255,0.0331728320044931,0.98570773890242,2014,17,6,36,0.509498830889594,0.000106064357338398,936
0.509660839397111,0.0304888076265343,0.966033626592252,2015,18,7,49,0.511779195031494,0.00211835563438356,936
0.561971968426951,0.0588457621983252,0.987971576600102,2016,19,8,64,0.514059559173395,-0.0479124092535559,936
0.554307930867071,0.0139215866976883,0.979648496606387,2017,20,9,81,0.516339923315296,-0.0379680075517752,936
0.456766814482398,0.0299772739876062,0.961576703254832,2018,21,10,100,0.518620287457197,0.0618534729747986,936
0.513302040382405,0.0307750360225327,0.987202122359304,1998,1,-10,100,0.511425417031012,-0.00187662335139305,865
0.515257218317129,0.0609084087947849,0.957530616538133,1999,2,-9,81,0.520809638309042,0.00555241999191292,865
0.455835887856665,0.015817398118088,0.915811468416359,2000,3,-8,64,0.530193859587071,0.0743579717304064,865
0.506840459699742,0.0297509292373434,0.941061278729467,2001,4,-7,49,0.539578080865101,0.0327376211653588,865
0.405006010233774,0.0105337212735321,0.958938045130344,2002,5,-6,36,0.548962302143131,0.143956291909357,865
0.649647655423437,0.219076564906301,0.987215192229791,2003,6,-5,25,0.558346523421161,-0.091301132002276,865
0.521978254872374,0.0374592108651996,0.98058777457918,2004,7,-4,16,0.567730744699191,0.0457524898268165,865
0.537672966037644,0.0697663926053792,0.985475811839569,2005,8,-3,9,0.577114965977221,0.0394419999395765,865
0.780915641354385,0.348739274956742,0.992317402131903,2006,9,-2,4,0.58649918725525,-0.194416454099134,865
0.658684123741141,0.122095060686115,0.959763086324009,2007,10,-1,1,0.59588340853328,-0.0628007152078611,865
0.799733471172013,0.416995461827596,0.984511598480957,2008,11,0,0,0.60526762981131,-0.194465841360703,865
0.447435216940357,0.0250496270949952,0.943864964949898,2009,12,1,1,0.61465185108934,0.167216634148983,865
0.774358272635262,0.355267125566175,0.990979942006675,2010,13,2,4,0.62403607236737,-0.150322200267892,865
0.653285122367972,0.229719490953994,0.977983781991711,2011,14,3,9,0.6334202936454,-0.0198648287225728,865
0.516321338736452,0.0329346418729983,0.953822359553306,2012,15,4,16,0.642804514923429,0.126483176186977,865
0.532775238237809,0.01297821495682,0.957545473106438,2013,16,5,25,0.652188736201459,0.11941349796365,865
0.683409699567538,0.131855387001997,0.980481037599777,2014,17,6,36,0.661572957479489,-0.0218367420880494,865
0.802439612839398,0.498222879113758,0.980036607052341,2015,18,7,49,0.670957178757519,-0.131482434081879,865
0.744334510180124,0.301042989945979,0.987779486942401,2016,19,8,64,0.680341400035549,-0.0639931101445748,865
0.680777362505694,0.211290948887668,0.97736139108803,2017,20,9,81,0.689725621313579,0.0089482588078843,865
0.530610122936196,0.0644169653416611,0.97229654987459,2018,21,10,100,0.699109842591608,0.168499719655413,865
0.466082296622335,0.0706305017112754,0.928768940811278,1998,1,-10,100,0.730338844576088,0.264256547953753,713
0.756504570326982,0.369249879507622,0.987489621864479,1999,2,-9,81,0.729237622892754,-0.0272669474342275,713
0.807367741209653,0.515623963735019,0.997539997273175,2000,3,-8,64,0.72813640120942,-0.0792313400002336,713
0.892162978579725,0.68861186647719,0.997102607775894,2001,4,-7,49,0.727035179526086,-0.16512779905364,713
0.80221559465682,0.426317887358156,0.992330814554234,2002,5,-6,36,0.725933957842752,-0.076281636814068,713
0.912147748649266,0.732080630189096,0.999515134171694,2003,6,-5,25,0.724832736159418,-0.187315012489848,713
0.895771469490255,0.667694112220593,0.998779287745849,2004,7,-4,16,0.723731514476083,-0.172039955014172,713
0.531232386926422,0.0109063798794523,0.970486488798633,2005,8,-3,9,0.722630292792749,0.191397905866327,713
0.499051390009117,0.0179327731078956,0.928698876325506,2006,9,-2,4,0.721529071109415,0.222477681100298,713
0.502232668086071,0.0488062489079312,0.942247978871455,2007,10,-1,1,0.720427849426081,0.218195181340009,713
0.512091248854995,0.0219875670154579,0.982085535657825,2008,11,0,0,0.719326627742747,0.207235378887752,713
0.451195915759308,0.0510340100037865,0.94976525583188,2009,12,1,1,0.718225406059413,0.267029490300104,713
0.929774288306977,0.796168133322845,0.994082340382543,2010,13,2,4,0.717124184376078,-0.212650103930898,713
0.946893714601491,0.816191703265788,0.999028245679943,2011,14,3,9,0.716022962692744,-0.230870751908747,713
0.910807074911099,0.679160104804563,0.997086377777481,2012,15,4,16,0.71492174100941,-0.195885333901688,713
0.86680481572983,0.654605170641475,0.99665850431876,2013,16,5,25,0.713820519326076,-0.152984296403754,713
0.915831744829232,0.79157703617919,0.997823987170332,2014,17,6,36,0.712719297642742,-0.20311244718649,713
0.933139538293501,0.81524926714967,0.999113514660985,2015,18,7,49,0.711618075959408,-0.221521462334093,713
0.506923735581222,0.0613800293300301,0.974755200295476,2016,19,8,64,0.710516854276074,0.203593118694852,713
0.510660767118679,0.0505217620870098,0.972959834733047,2017,20,9,81,0.70941563259274,0.19875486547406,713
0.556967494054697,0.0489679853082634,0.962006975582335,2018,21,10,100,0.708314410909405,0.151346916854708,713
0.807935468420995,0.506935937747416,0.985682870037511,1998,1,-10,100,0.550542631654178,-0.257392836766817,828
0.687993551277618,0.245903626136483,0.993659544545689,1999,2,-9,81,0.556908377368021,-0.131085173909597,828
0.487570367433364,0.0298914594342932,0.963362067512935,2000,3,-8,64,0.563274123081865,0.0757037556485011,828
0.670289026525533,0.215911138871744,0.988391468592422,2001,4,-7,49,0.569639868795708,-0.100649157729825,828
0.493981409716071,0.0388617725984659,0.952585038321558,2002,5,-6,36,0.576005614509551,0.0820242047934808,828
0.531098884588573,0.0475858537480235,0.972039975249208,2003,6,-5,25,0.582371360223395,0.0512724756348217,828
0.530331389445928,0.0309734878188465,0.981753581447992,2004,7,-4,16,0.588737105937238,0.0584057164913103,828
0.49909020474006,0.0730784153856803,0.99058232359821,2005,8,-3,9,0.595102851651082,0.0960126469110221,828
0.488784268454765,0.0444957784260623,0.968831042258535,2006,9,-2,4,0.601468597364925,0.11268432891016,828
0.482770489502582,0.0575278079078998,0.948390764096985,2007,10,-1,1,0.607834343078769,0.125063853576187,828
0.471180176123744,0.0151923937781248,0.961946569074644,2008,11,0,0,0.614200088792612,0.143019912668868,828
0.524507869654917,0.0439758922322653,0.957251477113459,2009,12,1,1,0.620565834506455,0.0960579648515383,828
0.53057339983643,0.0752612471580505,0.966246394289192,2010,13,2,4,0.626931580220299,0.0963581803838685,828
0.498582230106695,0.01777587205288,0.953357159829466,2011,14,3,9,0.633297325934142,0.134715095827448,828
0.839736150908095,0.442572745292994,0.996840286427485,2012,15,4,16,0.639663071647986,-0.200073079260109,828
0.809038718695547,0.394942826147269,0.988378145229865,2013,16,5,25,0.646028817361829,-0.163009901333718,828
0.795600212069557,0.483391256586777,0.981842685491839,2014,17,6,36,0.652394563075673,-0.143205648993884,828
0.756485903537363,0.365472780500447,0.980994952770676,2015,18,7,49,0.658760308789516,-0.0977255947478466,828
0.773477097772219,0.31007249957809,0.986215233719866,2016,19,8,64,0.665126054503359,-0.10835104326886,828
0.470284344293759,0.0232585784280673,0.886060372384963,2017,20,9,81,0.671491800217203,0.201207455923444,828
0.748890701541043,0.294487582865341,0.989733492976189,2018,21,10,100,0.677857545931046,-0.0710331556099969,828
0.500171398193925,0.0154076525301207,0.95215295550297,1998,1,-10,100,0.716627530140549,0.216456131946624,789
0.733778375223602,0.316819212542347,0.990269447066664,1999,2,-9,81,0.726674473205266,-0.00710390201833544,789
0.638761419738601,0.159492066473726,0.968180217723107,2000,3,-8,64,0.736721416269983,0.0979599965313829,789
0.652431163371875,0.205705545900126,0.989136899926386,2001,4,-7,49,0.746768359334701,0.094337195962826,789
0.625194697690339,0.0621191491617268,0.981267173964727,2002,5,-6,36,0.756815302399418,0.131620604709078,789
0.835792557856309,0.500110548683174,0.996611561905491,2003,6,-5,25,0.766862245464135,-0.0689303123921741,789
0.898117059545242,0.672731211759553,0.993961270982341,2004,7,-4,16,0.776909188528852,-0.12120787101639,789
0.909152288329552,0.628872711355214,0.996526272086131,2005,8,-3,9,0.78695613159357,-0.122196156735982,789
0.883858490810849,0.693686165367941,0.993674611636172,2006,9,-2,4,0.797003074658287,-0.0868554161525622,789
0.930121454193229,0.745577223294858,0.996534489305346,2007,10,-1,1,0.807050017723004,-0.123071436470225,789
0.928805675696471,0.752408209036753,0.996579743637557,2008,11,0,0,0.817096960787721,-0.11170871490875,789
0.921977916299168,0.701567066544112,0.998037680166879,2009,12,1,1,0.827143903852438,-0.0948340124467296,789
0.917640274821391,0.727157648940399,0.997483042123652,2010,13,2,4,0.837190846917156,-0.0804494279042354,789
0.913124068487174,0.707717643014052,0.996513998575911,2011,14,3,9,0.847237789981873,-0.0658862785053013,789
0.883674286816454,0.676921784726871,0.998450470615195,2012,15,4,16,0.85728473304659,-0.0263895537698642,789
0.81863431895043,0.477759612380729,0.990314493305323,2013,16,5,25,0.867331676111307,0.0486973571608775,789
0.903543186969376,0.676688719595489,0.996831503461876,2014,17,6,36,0.877378619176025,-0.0261645677933513,789
0.855169074024407,0.452897511348248,0.994372825802129,2015,18,7,49,0.887425562240742,0.0322564882163348,789
0.876538582271025,0.62794519850369,0.984887942979752,2016,19,8,64,0.897472505305459,0.0209339230344335,789
0.902880049400114,0.705603740596907,0.997667788174297,2017,20,9,81,0.907519448370176,0.00463939897006249,789
0.62966983785262,0.160834275668897,0.978329058437029,2018,21,10,100,0.917566391434893,0.287896553582273,789
0.633601147361064,0.148250505464322,0.976320324513015,1998,1,-10,100,0.519099298749337,-0.114501848611727,749
0.470698640830233,0.0103658421197906,0.978207680780906,1999,2,-9,81,0.517868268370727,0.0471696275404945,749
0.495543123886455,0.0190540314360987,0.967021447961451,2000,3,-8,64,0.516637237992118,0.0210941141056628,749
0.49642689700413,0.0513138722046278,0.970906643825583,2001,4,-7,49,0.515406207613508,0.0189793106093777,749
0.511977381430916,0.0318432865955401,0.980299737554742,2002,5,-6,36,0.514175177234898,0.00219779580398272,749
0.515932524699019,0.052846357494127,0.980330806749407,2003,6,-5,25,0.512944146856289,-0.00298837784273065,749
0.474399802330299,0.0227629591128789,0.964059251919389,2004,7,-4,16,0.511713116477679,0.0373133141473797,749
0.49410246143525,0.0177831391512882,0.936264810734428,2005,8,-3,9,0.510482086099069,0.0163796246638193,749
0.514586797828088,0.0413492222374771,0.986672832258046,2006,9,-2,4,0.50925105572046,-0.00533574210762799,749
0.56186429199297,0.125599487608997,0.952006644051289,2007,10,-1,1,0.50802002534185,-0.0538442666511199,749
0.480360155200469,0.0261554188793525,0.951543272437993,2008,11,0,0,0.50678899496324,0.0264288397627709,749
0.486102098043193,0.0320260398380924,0.981476997031132,2009,12,1,1,0.505557964584631,0.0194558665414374,749
0.522598650958389,0.0444356770021841,0.97006050531636,2010,13,2,4,0.504326934206021,-0.0182717167523682,749
0.497904492454836,0.0062498499173671,0.977703151997412,2011,14,3,9,0.503095903827411,0.00519141137257506,749
0.470678995733033,0.0181196091521997,0.944005675584776,2012,15,4,16,0.501864873448802,0.0311858777157686,749
0.473361956296139,0.0803329462942202,0.987076232978143,2013,16,5,25,0.500633843070192,0.0272718867740525,749
0.47104693732108,0.0904238057904877,0.917466597934253,2014,17,6,36,0.499402812691582,0.0283558753705024,749
0.526534264421207,0.0455704009800684,0.965505564038176,2015,18,7,49,0.498171782312973,-0.0283624821082343,749
0.509143350218073,0.0107324808195699,0.984176991548156,2016,19,8,64,0.496940751934363,-0.0122025982837105,749
0.530545653158333,0.0296931974065956,0.974406680685933,2017,20,9,81,0.495709721555753,-0.0348359316025799,749
0.505159271624871,0.0211059319437482,0.975791700650007,2018,21,10,100,0.494478691177144,-0.010680580447727,749
0.941986811090256,0.804641831811339,0.997000482305582,1998,1,-10,100,0.825199090543105,-0.116787720547151,788
0.920658355596526,0.746724763419703,0.997736220811272,1999,2,-9,81,0.802878996666087,-0.117779358930439,788
0.840053676302669,0.485447074043302,0.996873197741456,2000,3,-8,64,0.780558902789069,-0.0594947735136001,788
0.846216926705005,0.44112683778709,0.998502946436231,2001,4,-7,49,0.758238808912052,-0.0879781177929537,788
0.843399660501328,0.556107830185778,0.997910923709531,2002,5,-6,36,0.735918715035034,-0.107480945466294,788
0.839610200038546,0.481279983952547,0.995191400351482,2003,6,-5,25,0.713598621158017,-0.12601157888053,788
0.540944451783435,0.0445960091019515,0.989596520597115,2004,7,-4,16,0.691278527280999,0.150334075497565,788
0.438795782229863,0.0243649031152017,0.920620347786462,2005,8,-3,9,0.668958433403981,0.230162651174118,788
0.44995360445464,0.0164365782577079,0.927406192832859,2006,9,-2,4,0.646638339526964,0.196684735072324,788
0.480071629930171,0.0295992817904335,0.971032913890667,2007,10,-1,1,0.624318245649946,0.144246615719775,788
0.490958934667287,0.031365457281936,0.991988051857334,2008,11,0,0,0.601998151772929,0.111039217105641,788
0.529499969704193,0.0555279391061049,0.979362211091211,2009,12,1,1,0.579678057895911,0.050178088191718,788
0.496981803988456,0.0381676249089651,0.964251772570424,2010,13,2,4,0.557357964018893,0.0603761600304377,788
0.485481471987441,0.0375166051904671,0.985676558350678,2011,14,3,9,0.535037870141876,0.0495563981544348,788
0.510656319028931,0.0127221964357886,0.971031718910672,2012,15,4,16,0.512717776264858,0.00206145723592766,788
0.487632773685618,0.049525038304273,0.971238252654439,2013,16,5,25,0.490397682387841,0.00276490870222246,788
0.52016424855683,0.033136863715481,0.945045299752382,2014,17,6,36,0.468077588510823,-0.0520866600460068,788
0.548356448952109,0.0107029761362355,0.985203688638285,2015,18,7,49,0.445757494633806,-0.102598954318303,788
0.464813952619443,0.0674751219688915,0.960446563287405,2016,19,8,64,0.423437400756788,-0.0413765518626547,788
0.514069168048445,0.0116019935696386,0.942948184371926,2017,20,9,81,0.40111730687977,-0.112951861168675,788
0.451654997360311,0.0441855490556918,0.953376941866008,2018,21,10,100,0.378797213002753,-0.0728577843575577,788
0.495250665280037,0.0273147286323365,0.988062632549554,1998,1,-10,100,0.514772001625978,0.0195213363459414,938
0.480662023418699,0.0305080488906242,0.95328110132832,1999,2,-9,81,0.514221518692494,0.0335594952737947,938
0.661369067015144,0.144259458703545,0.981861261725396,2000,3,-8,64,0.51367103575901,-0.147698031256133,938
0.565226798481308,0.02666691794293,0.966112432396039,2001,4,-7,49,0.513120552825526,-0.0521062456557818,938
0.511258278781315,0.0584024610288907,0.965660311764804,2002,5,-6,36,0.512570069892042,0.00131179111072688,938
0.459941452584462,0.030337192612933,0.960448314977111,2003,6,-5,25,0.512019586958558,0.0520781343740961,938
0.474713337118737,0.0102678618277423,0.947075555939227,2004,7,-4,16,0.511469104025074,0.036755766906337,938
0.462654107692651,0.0489097863901407,0.946996546135051,2005,8,-3,9,0.51091862109159,0.048264513398939,938
0.52049379395612,0.0250359551864676,0.939090178551851,2006,9,-2,4,0.510368138158106,-0.0101256557980141,938
0.464301635170705,0.0201257664419245,0.967001364042517,2007,10,-1,1,0.509817655224623,0.0455160200539178,938
0.488995856992551,0.0500794774328824,0.947202391322935,2008,11,0,0,0.509267172291139,0.0202713152985875,938
0.486477244098205,0.0249037712113932,0.955993392557138,2009,12,1,1,0.508716689357655,0.0222394452594495,938
0.556450063586817,0.0717608658364043,0.988531139260158,2010,13,2,4,0.508166206424171,-0.0482838571626464,938
0.454545289155794,0.0347124621272087,0.944624902884243,2011,14,3,9,0.507615723490687,0.0530704343348924,938
0.503479970453191,0.0508957828569692,0.989673952828162,2012,15,4,16,0.507065240557203,0.00358527010401222,938
0.49753405219235,0.0456518362741917,0.945805039961124,2013,16,5,25,0.506514757623719,0.00898070543136897,938
0.569509487744654,0.0567335380823351,0.975950607092818,2014,17,6,36,0.505964274690235,-0.0635452130544186,938
0.521084801782854,0.0665013728488702,0.974191954894922,2015,18,7,49,0.505413791756751,-0.0156710100261028,938
0.503336191590643,0.0313683613028843,0.986625658365665,2016,19,8,64,0.504863308823267,0.00152711723262455,938
0.46771350284107,0.00910018441500142,0.955945918970974,2017,20,9,81,0.504312825889783,0.0365993230487128,938
0.549612998176599,0.0544660443265457,0.992775820178213,2018,21,10,100,0.503762342956299,-0.0458506552202997,938
0.548168950559921,0.0365356098511256,0.983771782799158,1998,1,-10,100,0.80470727185028,0.256538321290359,823
0.696432998858634,0.249577472715408,0.991018307681151,1999,2,-9,81,0.787426972080852,0.0909939732222188,823
0.888559412453509,0.708964596051429,0.997429276527568,2000,3,-8,64,0.770146672311425,-0.118412740142084,823
0.883699465902278,0.644157899202428,0.996576692616365,2001,4,-7,49,0.752866372541998,-0.13083309336028,823
0.828750842760815,0.433138687278469,0.996719421902907,2002,5,-6,36,0.735586072772571,-0.0931647699882445,823
0.851523491631881,0.632219079911876,0.99133885959262,2003,6,-5,25,0.718305773003143,-0.133217718628738,823
0.725481697491988,0.206805704787922,0.978008222050966,2004,7,-4,16,0.701025473233716,-0.0244562242582718,823
0.673990944952716,0.198775500036298,0.993011761397071,2005,8,-3,9,0.683745173464289,0.00975422851157237,823
0.671249218873984,0.148515480915325,0.977997480972997,2006,9,-2,4,0.666464873694862,-0.00478434517912285,823
0.686511057749899,0.172992066939062,0.982569270088497,2007,10,-1,1,0.649184573925434,-0.0373264838244645,823
0.763581732504015,0.38431028381772,0.99819252826912,2008,11,0,0,0.631904274156007,-0.131677458348007,823
0.468929418618791,0.0303575873433147,0.954458679887466,2009,12,1,1,0.61462397438658,0.145694555767789,823
0.478372857352952,0.0438492341956589,0.961034270736854,2010,13,2,4,0.597343674617153,0.118970817264201,823
0.529383887143922,0.0498317272635177,0.953958439506823,2011,14,3,9,0.580063374847725,0.0506794877038034,823
0.531325130848563,0.0609244192542974,0.974811079306528,2012,15,4,16,0.562783075078298,0.0314579442297349,823
0.512827901908895,0.0335689247353002,0.974264397972729,2013,16,5,25,0.545502775308871,0.0326748733999759,823
0.492480569705367,0.0411705042759422,0.968685696396278,2014,17,6,36,0.528222475539444,0.0357419058340766,823
0.503004961070837,0.00806168495910242,0.949316855781944,2015,18,7,49,0.510942175770016,0.00793721469917896,823
0.547695774523891,0.0399270879337564,0.951707593415631,2016,19,8,64,0.493661876000589,-0.0540338985233014,823
0.519786724387086,0.0399541050894186,0.946121277491329,2017,20,9,81,0.476381576231162,-0.043405148155924,823
0.468232717976207,0.0267277463455684,0.973969162191497,2018,21,10,100,0.459101276461735,-0.0091314415144722,823
0.52665227126854,0.0312920868047513,0.984051307174377,1998,1,-10,100,0.616150587362566,0.089498316094026,750
0.514213031495456,0.019264113123063,0.961903076630551,1999,2,-9,81,0.619335149971258,0.105122118475803,750
0.500138183493982,0.0265191397920717,0.953871100995456,2000,3,-8,64,0.62251971257995,0.122381529085968,750
0.530990492278943,0.108684303885093,0.923534126777667,2001,4,-7,49,0.625704275188642,0.0947137829096997,750
0.763170135616321,0.324717498665982,0.994174064195253,2002,5,-6,36,0.628888837797335,-0.134281297818986,750
0.775481018570464,0.34169655987346,0.991423828194834,2003,6,-5,25,0.632073400406027,-0.143407618164438,750
0.920883055034693,0.775592189452097,0.995814004924981,2004,7,-4,16,0.635257963014719,-0.285625092019974,750
0.680961452295273,0.172629703594749,0.986466931894654,2005,8,-3,9,0.638442525623411,-0.0425189266718624,750
0.457655603755848,0.0156497068179306,0.963124289939878,2006,9,-2,4,0.641627088232103,0.183971484476256,750
0.553390814265003,0.0402057216560934,0.974178522865986,2007,10,-1,1,0.644811650840795,0.0914208365757917,750
0.704741917979141,0.18246024323846,0.991964559420176,2008,11,0,0,0.647996213449487,-0.0567457045296537,750
0.676977409960883,0.176771912220066,0.976127059640736,2009,12,1,1,0.651180776058179,-0.0257966339027031,750
0.684055095753969,0.192882550488756,0.978773187092967,2010,13,2,4,0.654365338666872,-0.0296897570870974,750
0.662065039696485,0.171122014452514,0.985012267727244,2011,14,3,9,0.657549901275564,-0.00451513842092122,750
0.666958389406769,0.184181120211564,0.975616736461682,2012,15,4,16,0.660734463884256,-0.00622392552251361,750
0.760085523063948,0.351136193844998,0.980923643637622,2013,16,5,25,0.663919026492948,-0.0961664965710004,750
0.629461974967174,0.181028817326374,0.981707970544326,2014,17,6,36,0.66710358910164,0.0376416141344658,750
0.845750335403753,0.553759287497498,0.990973369532201,2015,18,7,49,0.670288151710332,-0.175462183693421,750
0.780572031777837,0.304686228027056,0.998300284410423,2016,19,8,64,0.673472714319024,-0.107099317458813,750
0.462174784811214,0.0577995433355682,0.946078149881214,2017,20,9,81,0.676657276927716,0.214482492116503,750
0.51154192154354,0.0144507407094352,0.981779968529008,2018,21,10,100,0.679841839536409,0.168299917992869,750
0.526793496732716,0.0320652745547704,0.977622524544131,1998,1,-10,100,0.669479744849248,0.142686248116531,825
0.482189393500448,0.0267940681427717,0.984612178383395,1999,2,-9,81,0.674899386928872,0.192709993428424,825
0.530023722510668,0.0148097328376025,0.970409834338352,2000,3,-8,64,0.680319029008496,0.150295306497828,825
0.458704474501428,0.0189715366461314,0.909572059859056,2001,4,-7,49,0.685738671088121,0.227034196586693,825
0.512659310901654,0.032560817169724,0.966491206263891,2002,5,-6,36,0.691158313167745,0.178499002266091,825
0.828862208904347,0.518027668729219,0.995969028516192,2003,6,-5,25,0.69657795524737,-0.132284253656977,825
0.845866743029572,0.521821622366338,0.998312862995731,2004,7,-4,16,0.701997597326994,-0.143869145702578,825
0.877658521345618,0.628788209607079,0.998117032162499,2005,8,-3,9,0.707417239406618,-0.170241281939,825
0.857750171726317,0.587503532094192,0.989744695406854,2006,9,-2,4,0.712836881486243,-0.144913290240074,825
0.829884594293895,0.470897778742869,0.992361945224317,2007,10,-1,1,0.718256523565867,-0.111628070728028,825
0.866876854920932,0.661689931638179,0.994842065243834,2008,11,0,0,0.723676165645492,-0.14320068927544,825
0.873290848649136,0.635130294188614,0.994676828498017,2009,12,1,1,0.729095807725116,-0.14419504092402,825
0.937531365838874,0.820838365337689,0.998035542857056,2010,13,2,4,0.73451544980474,-0.203015916034134,825
0.926474748841585,0.750948596093894,0.998499476819436,2011,14,3,9,0.739935091884365,-0.186539656957221,825
0.90601188816557,0.703128887189483,0.993396003099767,2012,15,4,16,0.745354733963989,-0.160657154201581,825
0.876810671062927,0.579797482748168,0.998389926744889,2013,16,5,25,0.750774376043614,-0.126036295019314,825
0.793977838909333,0.464455164699308,0.991134479494327,2014,17,6,36,0.756194018123238,-0.0377838207860952,825
0.828828806210899,0.528943607476567,0.992211126445813,2015,18,7,49,0.761613660202862,-0.067215146008037,825
0.513340537334443,0.0565687888883986,0.961427417508093,2016,19,8,64,0.767033302282487,0.253692764948044,825
0.43092512661533,0.0591597306600306,0.948902064998401,2017,20,9,81,0.772452944362111,0.341527817746781,825
0.492738154559629,0.00822501433431171,0.947819361690199,2018,21,10,100,0.777872586441735,0.285134431882106,825
0.55263164586504,0.040097059274558,0.951796176971402,1998,1,-10,100,0.564050952377088,0.0114193065120477,898
0.487866000036593,0.0323045830184128,0.966501840128331,1999,2,-9,81,0.561743408455245,0.0738774084186528,898
0.491374035438639,0.0247184815292712,0.961910804838408,2000,3,-8,64,0.559435864533403,0.0680618290947641,898
0.551323031095671,0.0371276778460015,0.951258144644089,2001,4,-7,49,0.557128320611561,0.00580528951588943,898
0.525507717445726,0.0491564343741629,0.968729772954248,2002,5,-6,36,0.554820776689719,0.0293130592439932,898
0.478031576433568,0.0080357929924503,0.966577750194119,2003,6,-5,25,0.552513232767877,0.0744816563343083,898
0.656452356553258,0.154611719632521,0.984352555209643,2004,7,-4,16,0.550205688846034,-0.106246667707224,898
0.491964835696854,0.0149696521286387,0.963998328830348,2005,8,-3,9,0.547898144924192,0.0559333092273385,898
0.704240959021495,0.226029764097748,0.980623839665162,2006,9,-2,4,0.54559060100235,-0.158650358019145,898
0.702640992164206,0.217987853433394,0.989834257483867,2007,10,-1,1,0.543283057080508,-0.159357935083698,898
0.666526855284557,0.192413503652656,0.996284516158055,2008,11,0,0,0.540975513158666,-0.125551342125891,898
0.536965998270898,0.030928740388481,0.975565847929101,2009,12,1,1,0.538667969236823,0.00170197096592539,898
0.508403485672898,0.0313031484314706,0.976622537599178,2010,13,2,4,0.536360425314981,0.0279569396420837,898
0.54141093363578,0.0110025766014587,0.992461817589355,2011,14,3,9,0.534052881393139,-0.00735805224264052,898
0.470202731876634,0.0429911524814088,0.946306124055991,2012,15,4,16,0.531745337471297,0.0615426055946628,898
0.460201602685265,0.0211294328968506,0.975724080944201,2013,16,5,25,0.529437793549455,0.0692361908641895,898
0.504679368814686,0.0475632840069011,0.980761657678522,2014,17,6,36,0.527130249627613,0.0224508808129262,898
0.487798187119188,0.0298600665235426,0.961785702913767,2015,18,7,49,0.52482270570577,0.0370245185865826,898
0.509082068217685,0.057525740104029,0.995483401103411,2016,19,8,64,0.522515161783928,0.0134330935662427,898
0.520372559261159,0.0353113043296617,0.981848652788904,2017,20,9,81,0.520207617862086,-0.000164941399073082,898
0.51280883574218,0.0180015932186507,0.957572180300485,2018,21,10,100,0.517900073940244,0.00509123819806345,898
0.468466993939364,0.0375594940211158,0.94637556609232,1998,1,-10,100,0.590734161278881,0.122267167339517,935
0.496856945363106,0.0178034520708024,0.989783404412446,1999,2,-9,81,0.597677565506725,0.100820620143619,935
0.475502483817399,0.0437341391807422,0.967261013289681,2000,3,-8,64,0.604620969734569,0.12911848591717,935
0.525344789569499,0.0291047145379707,0.971075281768571,2001,4,-7,49,0.611564373962414,0.0862195843929147,935
0.519252435368253,0.0291827236709651,0.979815452196635,2002,5,-6,36,0.618507778190258,0.0992553428220047,935
0.425982632802334,0.0527633482764941,0.950163951958529,2003,6,-5,25,0.625451182418102,0.199468549615768,935
0.783295608637522,0.379340005756622,0.983262689957075,2004,7,-4,16,0.632394586645946,-0.150901021991576,935
0.831217340919761,0.558860853968482,0.995074440598384,2005,8,-3,9,0.63933799087379,-0.191879350045971,935
0.743060135895182,0.256503409392338,0.993476034537463,2006,9,-2,4,0.646281395101634,-0.0967787407935486,935
0.841510293475191,0.597405697163339,0.995698833879063,2007,10,-1,1,0.653224799329478,-0.188285494145713,935
0.759250115491254,0.351482763749575,0.977523772221338,2008,11,0,0,0.660168203557322,-0.0990819119339326,935
0.825946698100641,0.541974125173339,0.994809992590137,2009,12,1,1,0.667111607785166,-0.158835090315475,935
0.896182254743995,0.679001984707846,0.989212926158997,2010,13,2,4,0.67405501201301,-0.222127242730986,935
0.888714273516731,0.67765410620538,0.995072140962026,2011,14,3,9,0.680998416240854,-0.207715857275877,935
0.657163222872494,0.202011950333148,0.976130654901241,2012,15,4,16,0.687941820468698,0.0307785975962038,935
0.62306052463292,0.0742296936514321,0.976478098342023,2013,16,5,25,0.694885224696542,0.0718247000636217,935
0.675471513929949,0.232566851346117,0.983999336239282,2014,17,6,36,0.701828628924386,0.0263571149944369,935
0.767232295303876,0.3636840800647,0.988654553273965,2015,18,7,49,0.70877203315223,-0.0584602621516459,935
0.669700776244304,0.145248751379757,0.980259381312559,2016,19,8,64,0.715715437380074,0.0460146611357704,935
0.528550404831185,0.0175161460414529,0.950255564431427,2017,20,9,81,0.722658841607918,0.194108436776733,935
0.461770535248797,0.0308640009025112,0.988277657178696,2018,21,10,100,0.729602245835762,0.267831710586965,935
0.483422512738616,0.0329160311026499,0.933909861836582,1998,1,-10,100,0.504154655782762,0.0207321430441453,822
0.506635180825833,0.0333529642026406,0.984920488373609,1999,2,-9,81,0.50760938492689,0.00097420410105642,822
0.485023059538798,0.0258475616166834,0.95305463046534,2000,3,-8,64,0.511064114071018,0.0260410545322194,822
0.51434383392625,0.0426626740256324,0.987370059883688,2001,4,-7,49,0.514518843215146,0.000175009288895689,822
0.515748534954037,0.053128246567212,0.978922913328279,2002,5,-6,36,0.517973572359274,0.00222503740523761,822
0.528719189731055,0.0776148897537496,0.98034758339054,2003,6,-5,25,0.521428301503402,-0.00729088822765256,822
0.56465167645656,0.102568748377962,0.962957220338285,2004,7,-4,16,0.524883030647531,-0.0397686458090298,822
0.49085179810063,0.0356924527499359,0.944088040775386,2005,8,-3,9,0.528337759791659,0.0374859616910288,822
0.45418272880197,0.022265875939047,0.943482446437702,2006,9,-2,4,0.531792488935787,0.0776097601338165,822
0.52674939778517,0.0159745142736938,0.977858331450261,2007,10,-1,1,0.535247218079915,0.008497820294745,822
0.525693392960238,0.0410470757517032,0.974013737065252,2008,11,0,0,0.538701947224043,0.0130085542638049,822
0.470190891023958,0.0211137143953238,0.963551609922433,2009,12,1,1,0.542156676368171,0.0719657853442132,822
0.473047321516788,0.00362732914509252,0.945696645235876,2010,13,2,4,0.545611405512299,0.0725640839955118,822
0.657568649424592,0.203747775854477,0.980208735139572,2011,14,3,9,0.549066134656428,-0.108502514768164,822
0.79305314526919,0.384880861090403,0.987956866082413,2012,15,4,16,0.552520863800556,-0.240532281468635,822
0.744414046732977,0.308838299776875,0.979928969808401,2013,16,5,25,0.555975592944684,-0.188438453788293,822
0.679229317944538,0.20222403155695,0.98852277209094,2014,17,6,36,0.559430322088812,-0.119798995855726,822
0.499907123920275,0.0360217305540573,0.922453370480798,2015,18,7,49,0.56288505123294,0.0629779273126655,822
0.458129892151919,0.0205611409503035,0.967436082218773,2016,19,8,64,0.566339780377069,0.108209888225149,822
0.495792564924341,0.0189167408680078,0.988888189801946,2017,20,9,81,0.569794509521197,0.074001944596856,822
0.44538663297717,0.024869667267194,0.90161590804928,2018,21,10,100,0.573249238665325,0.127862605688155,822
0.464604434987996,0.0424315154727083,0.935474877560045,1998,1,-10,100,0.491913994219647,0.0273095592316513,787
0.465256040167878,0.0373962898855098,0.988461212796392,1999,2,-9,81,0.494494029434857,0.0292379892669791,787
0.503608935337979,0.0143960032321047,0.965337879711296,2000,3,-8,64,0.497074064650068,-0.00653487068791142,787
0.521886943443678,0.046539489692077,0.97440886006807,2001,4,-7,49,0.499654099865278,-0.0222328435783999,787
0.468623542733258,0.0327773229102604,0.972344564006198,2002,5,-6,36,0.502234135080489,0.0336105923472312,787
0.474033325113123,0.0294399628357496,0.936644369713031,2003,6,-5,25,0.504814170295699,0.030780845182576,787
0.458075398558867,0.0273734432645142,0.957073855074122,2004,7,-4,16,0.50739420551091,0.0493188069520426,787
0.462990870015346,0.0655579496989958,0.912605348200304,2005,8,-3,9,0.50997424072612,0.0469833707107737,787
0.488062623742735,0.0258979380247183,0.955853115650825,2006,9,-2,4,0.512554275941331,0.0244916521985957,787
0.568442031729501,0.0113307464460377,0.986237368290312,2007,10,-1,1,0.515134311156541,-0.0533077205729595,787
0.508816525424481,0.039744864491513,0.960046812426299,2008,11,0,0,0.517714346371752,0.00889782094727021,787
0.660571462723998,0.206791505749537,0.965753765467746,2009,12,1,1,0.520294381586962,-0.140277081137036,787
0.668556303642198,0.271716888027275,0.974568130198255,2010,13,2,4,0.522874416802173,-0.145681886840026,787
0.650605978851004,0.0993111601007238,0.984070910509728,2011,14,3,9,0.525454452017383,-0.125151526833621,787
0.511601340316702,0.125145281787263,0.959452631138265,2012,15,4,16,0.528034487232593,0.0164331469158918,787
0.457240858578007,0.0295478697458748,0.973390068433946,2013,16,5,25,0.530614522447804,0.0733736638697972,787
0.542263841861859,0.0601650447119027,0.98162948320969,2014,17,6,36,0.533194557663014,-0.00906928419884456,787
0.513032180309528,0.00759900891571305,0.987255073036067,2015,18,7,49,0.535774592878225,0.0227424125686964,787
0.508807033271296,0.0428482460381929,0.958688885555602,2016,19,8,64,0.538354628093435,0.0295475948221393,787
0.496786990825785,0.0347954616532661,0.990685806475813,2017,20,9,81,0.540934663308646,0.0441476724828605,787
0.478134612171561,0.0315793098183349,0.978734780306695,2018,21,10,100,0.543514698523856,0.0653800863522948,787
0.516580718263867,0.0124664041912183,0.9805146389117,1998,1,-10,100,0.540535052895581,0.0239543346317136,604
0.498384191980585,0.0990505011403002,0.975243474834133,1999,2,-9,81,0.538855079848058,0.0404708878674721,604
0.524872291405336,0.0325352015497629,0.957907765673008,2000,3,-8,64,0.537175106800534,0.0123028153951982,604
0.524342558399076,0.0643284495861735,0.941957670851843,2001,4,-7,49,0.535495133753011,0.0111525753539352,604
0.564982267215964,0.036241236346541,0.979470149206463,2002,5,-6,36,0.533815160705487,-0.0311671065104769,604
0.539994909026427,0.0576205782650504,0.963526132999686,2003,6,-5,25,0.532135187657964,-0.00785972136846314,604
0.498349190066801,0.0321306132071186,0.96396726621897,2004,7,-4,16,0.530455214610441,0.0321060245436393,604
0.509607185440836,0.0340888581762556,0.985038032743614,2005,8,-3,9,0.528775241562917,0.0191680561220808,604
0.486106598880724,0.0342641902971081,0.971190883312374,2006,9,-2,4,0.527095268515394,0.0409886696346698,604
0.493125937806326,0.034229197941022,0.94624353129766,2007,10,-1,1,0.525415295467871,0.0322893576615446,604
0.488894323119894,0.0172385872225277,0.940709411428542,2008,11,0,0,0.523735322420347,0.0348409993004535,604
0.66298139584693,0.165213302013232,0.972133454551307,2009,12,1,1,0.522055349372824,-0.140926046474107,604
0.621647080584978,0.112689651614746,0.980934885467078,2010,13,2,4,0.5203753763253,-0.101271704259677,604
0.747018124268665,0.311948081549814,0.984675855873971,2011,14,3,9,0.518695403277777,-0.228322720990888,604
0.485638522863155,0.0179433651617728,0.945128957746783,2012,15,4,16,0.517015430230254,0.0313769073670984,604
0.436664353162632,0.0283024611358997,0.980091964174062,2013,16,5,25,0.51533545718273,0.0786711040200979,604
0.534045609267196,0.0353134229546413,0.922794316324871,2014,17,6,36,0.513655484135207,-0.0203901251319888,604
0.47608018128667,0.0522323477664031,0.980759745970135,2015,18,7,49,0.511975511087683,0.0358953298010132,604
0.468890732261934,0.018980905826902,0.947530753089813,2016,19,8,64,0.51029553804016,0.0414048057782258,604
0.459035062094335,0.0241618667612784,0.929511200281558,2017,20,9,81,0.508615564992637,0.0495805028983013,604
0.461200537584955,0.0418468898453284,0.977689030376496,2018,21,10,100,0.506935591945113,0.0457350543601585,604
0.483712058368837,0.0460679929819889,0.955479784007184,1998,1,-10,100,0.471601718232403,-0.0121103401364343,679
0.478245565353427,0.0419651700300165,0.964686715148855,1999,2,-9,81,0.486177568560784,0.00793200320735704,679
0.488981369085377,0.021717911347514,0.950910625193501,2000,3,-8,64,0.500753418889165,0.011772049803788,679
0.520977809515898,0.0310359624389093,0.98224541504751,2001,4,-7,49,0.515329269217546,-0.00564854029835193,679
0.481994643373764,0.0210815331782214,0.922054772183765,2002,5,-6,36,0.529905119545927,0.047910476172163,679
0.463113848838839,0.0127556200837716,0.950554020440904,2003,6,-5,25,0.544480969874308,0.0813671210354694,679
0.480035265695187,0.0367436053522397,0.91976176611497,2004,7,-4,16,0.559056820202689,0.0790215545075019,679
0.485792608562042,0.0149647684127558,0.9446833675378,2005,8,-3,9,0.57363267053107,0.0878400619690282,679
0.461344651359832,0.0576798462599982,0.963564141991082,2006,9,-2,4,0.588208520859451,0.126863869499619,679
0.542526101047406,0.0264744543703273,0.979660732566845,2007,10,-1,1,0.602784371187832,0.0602582701404262,679
0.493627013178775,0.0452626079204492,0.974856334994547,2008,11,0,0,0.617360221516213,0.123733208337438,679
0.887535114322611,0.611288972929192,0.993852007695295,2009,12,1,1,0.631936071844594,-0.255599042478017,679
0.883778603795841,0.641786027344721,0.997749749838041,2010,13,2,4,0.646511922172975,-0.237266681622866,679
0.816690431723984,0.4757079977225,0.983872537482606,2011,14,3,9,0.661087772501356,-0.155602659222628,679
0.858417433234184,0.525652334309786,0.998018383820505,2012,15,4,16,0.675663622829737,-0.182753810404446,679
0.854877733843365,0.574771807538442,0.990959478762656,2013,16,5,25,0.690239473158118,-0.164638260685247,679
0.88983190805856,0.744256707246054,0.992920476404702,2014,17,6,36,0.704815323486499,-0.185016584572061,679
0.87425614555371,0.655570598000539,0.993826323734013,2015,18,7,49,0.71939117381488,-0.15486497173883,679
0.477013025499764,0.0230070448189508,0.939259860705351,2016,19,8,64,0.733967024143261,0.256953998643497,679
0.532541464068345,0.0485423419566359,0.973744838015409,2017,20,9,81,0.748542874471642,0.216001410403297,679
0.509271857360727,0.053771414863877,0.93132247797912,2018,21,10,100,0.763118724800023,0.253846867439296,679
0.466154498670949,0.0317745890293736,0.970267864741618,1998,1,-10,100,0.450771010943802,-0.0153834877271463,714
0.481257869835827,0.0661813281942159,0.99576860354282,1999,2,-9,81,0.462513223106473,-0.0187446467293531,714
0.501832854928216,0.0777260468923487,0.96715311902808,2000,3,-8,64,0.474255435269145,-0.0275774196590713,714
0.471452152947313,0.0446748358721379,0.979487636074191,2001,4,-7,49,0.485997647431816,0.0145454944845025,714
0.513142415005132,0.0365027258580085,0.94709956208826,2002,5,-6,36,0.497739859594487,-0.0154025554106447,714
0.491690205482882,0.021662839630153,0.963458149309736,2003,6,-5,25,0.509482071757158,0.0177918662742755,714
0.485280833588331,0.0410207476932556,0.967668331973255,2004,7,-4,16,0.521224283919829,0.0359434503314982,714
0.486608165505459,0.0317954137572087,0.955736354144756,2005,8,-3,9,0.5329664960825,0.0463583305770418,714
0.462874505470973,0.0351819740782957,0.947039977059467,2006,9,-2,4,0.544708708245171,0.0818342027741989,714
0.538886898080818,0.0543402462732047,0.943867446918739,2007,10,-1,1,0.556450920407843,0.0175640223270243,714
0.478765236979234,0.0408048019337002,0.987704953044886,2008,11,0,0,0.568193132570514,0.0894278955912797,714
0.452084250870394,0.0141094388614874,0.923450453369878,2009,12,1,1,0.579935344733185,0.127851093862791,714
0.62589608577431,0.087547111887847,0.979105210770365,2010,13,2,4,0.591677556895856,-0.0342185288784538,714
0.771521159463066,0.367975483340204,0.995287777832056,2011,14,3,9,0.603419769058527,-0.168101390404539,714
0.74518524013263,0.30100899893402,0.986193964742645,2012,15,4,16,0.615161981221198,-0.130023258911432,714
0.752909216960521,0.343805241912388,0.98883866244446,2013,16,5,25,0.626904193383869,-0.126005023576651,714
0.771333469318167,0.38448156795034,0.99561243248116,2014,17,6,36,0.638646405546541,-0.132687063771627,714
0.63691273400035,0.225283272076765,0.953452477283135,2015,18,7,49,0.650388617709212,0.0134758837088619,714
0.785370381329214,0.46033161812151,0.987012722155636,2016,19,8,64,0.662130829871883,-0.123239551457331,714
0.509969699173234,0.0882057240698487,0.985045686882222,2017,20,9,81,0.673873042034554,0.16390334286132,714
0.502927910463768,0.0388611762959045,0.936844063631724,2018,21,10,100,0.685615254197225,0.182687343733457,714
0.544528906253981,0.0349326458352152,0.98129607742303,1998,1,-10,100,0.531203109095084,-0.0133257971588977,934
0.562543973769061,0.0761154231673572,0.986802291218191,1999,2,-9,81,0.530003943430198,-0.0325400303388632,934
0.484935162842157,0.0593929600610863,0.967167596030049,2000,3,-8,64,0.528804777765313,0.0438696149231552,934
0.543738988175755,0.0276738704764284,0.982377130247187,2001,4,-7,49,0.527605612100427,-0.0161333760753284,934
0.523179505410371,0.0804980837972835,0.951236090739257,2002,5,-6,36,0.526406446435541,0.00322694102516996,934
0.527272686682409,0.013615879334975,0.973634246981237,2003,6,-5,25,0.525207280770656,-0.00206540591175286,934
0.531852142809657,0.03010483244434,0.973961876012618,2004,7,-4,16,0.52400811510577,-0.00784402770388726,934
0.529618329906953,0.0352600815938786,0.969446171214804,2005,8,-3,9,0.522808949440885,-0.00680938046606794,934
0.509088248401531,0.0252905474801082,0.990383512759581,2006,9,-2,4,0.521609783775999,0.0125215353744681,934
0.466126681619789,0.051022735418519,0.953908245044295,2007,10,-1,1,0.520410618111113,0.054283936491324,934
0.466839945269749,0.0213634910061955,0.961874732747674,2008,11,0,0,0.519211452446228,0.0523715071764793,934
0.527328885908355,0.0248711347172502,0.998058226110879,2009,12,1,1,0.518012286781342,-0.00931659912701266,934
0.493449436390074,0.04262051662663,0.94596614865004,2010,13,2,4,0.516813121116457,0.0233636847263827,934
0.522223396989284,0.0523258857836481,0.952377040003193,2011,14,3,9,0.515613955451571,-0.00660944153771292,934
0.51776210363023,0.0325914788001683,0.957269057520898,2012,15,4,16,0.514414789786686,-0.00334731384354414,934
0.673423755572148,0.268211647500017,0.985080695513023,2013,16,5,25,0.5132156241218,-0.160208131450348,934
0.498083581318497,0.0187197382736485,0.982932753243949,2014,17,6,36,0.512016458456914,0.0139328771384177,934
0.518117174712825,0.0174397903494537,0.970242323295679,2015,18,7,49,0.510817292792029,-0.00729988192079578,934
0.522045323881321,0.0497998291801196,0.977496191766113,2016,19,8,64,0.509618127127143,-0.0124271967541774,934
0.477083472532104,0.0181048126134556,0.936907528102165,2017,20,9,81,0.508418961462258,0.031335488930154,934
0.464198799294536,0.0145985499897506,0.979909703257726,2018,21,10,100,0.507219795797372,0.0430209965028361,934
0.492628635562141,0.0671972168725915,0.893786192109109,1998,1,-10,100,0.478340863746671,-0.01428777181547,824
0.424762249249034,0.0134264086314943,0.949608148116385,1999,2,-9,81,0.486126612446032,0.0613643631969985,824
0.547124952854938,0.0220177083916496,0.984065203653881,2000,3,-8,64,0.493912361145393,-0.053212591709545,824
0.507132960992749,0.0386172439786606,0.983916246984154,2001,4,-7,49,0.501698109844754,-0.00543485114799525,824
0.542120554135181,0.0234960777976085,0.970999496389413,2002,5,-6,36,0.509483858544114,-0.0326366955910666,824
0.458615337265655,0.0573006302525755,0.906377362529747,2003,6,-5,25,0.517269607243475,0.0586542699778196,824
0.455051131977234,0.00993744938750751,0.957229327003006,2004,7,-4,16,0.525055355942836,0.0700042239656018,824
0.558855487967958,0.0437952079926618,0.964743991417345,2005,8,-3,9,0.532841104642197,-0.0260143833257611,824
0.450077901012264,0.0299019216559827,0.942457918910077,2006,9,-2,4,0.540626853341557,0.0905489523292932,824
0.53530508839176,0.0183772776683327,0.940183024317957,2007,10,-1,1,0.548412602040918,0.0131075136491576,824
0.460315922176233,0.0166360810340848,0.98228870225139,2008,11,0,0,0.556198350740279,0.0958824285640462,824
0.485002494606306,0.0213207855762448,0.923907535785111,2009,12,1,1,0.56398409943964,0.0789816048333337,824
0.545518317792448,0.0422788139723707,0.986611213866854,2010,13,2,4,0.571769848139,0.026251530346552,824
0.766056869456316,0.446048050899552,0.980054582060982,2011,14,3,9,0.579555596838361,-0.186501272617955,824
0.834397683154048,0.558404845990068,0.990900509891546,2012,15,4,16,0.587341345537722,-0.247056337616326,824
0.64182753775957,0.169865449547466,0.984262689681472,2013,16,5,25,0.595127094237083,-0.0467004435224874,824
0.778835179340649,0.430941940131837,0.990701640019261,2014,17,6,36,0.602912842936443,-0.175922336404205,824
0.80123545391044,0.394562110850866,0.992144163819005,2015,18,7,49,0.610698591635804,-0.190536862274636,824
0.514865863681189,0.0357196027471218,0.956615923118079,2016,19,8,64,0.618484340335165,0.103618476653976,824
0.47674642491038,0.063736397708999,0.976390661799814,2017,20,9,81,0.626270089034525,0.149523664124146,824
0.40368931934936,0.00201684575295076,0.932468451169552,2018,21,10,100,0.634055837733886,0.230366518384526,824
